product_urls,product_category,product_info_date
https://www.woolworths.co.za/prod/Food/Meat-Poultry-Fish/Beef/Roasts/Free-Range-Beef-Half-Fillet-Avg-800-g/_/A-2069560000002?isFromPLP=true,Meat_Poultry_Fish,2024-04-13
https://www.woolworths.co.za/prod/Food/Meat-Poultry-Fish/Beef/Steaks/Beef-Whole-Fillet-Avg-1-5-kg/_/A-2029900000000?isFromPLP=true,Meat_Poultry_Fish,2024-04-13
https://www.woolworths.co.za/prod/Food/Meat-Poultry-Fish/Beef/Steaks/Half-Beef-Fillet-Avg-680-g/_/A-2029840000009?isFromPLP=true,Meat_Poultry_Fish,2024-04-13
https://www.woolworths.co.za/prod/Food/Meat-Poultry-Fish/Lamb/Halaal-Free-Range-Lamb-Chops-Avg-1-kg/_/A-2571930000005?isFromPLP=true,Meat_Poultry_Fish,2024-04-13
https://www.woolworths.co.za/prod/Food/Meat-Poultry-Fish/Poultry/Duck-Turkey/Free-Range-Duck-Fat-330-g/_/A-6009173548733?isFromPLP=true,Meat_Poultry_Fish,2024-04-13
https://www.woolworths.co.za/prod/Food/Meat-Poultry-Fish/Biltong-Droewors/Original-Free-Range-Venison-Droewors-Nibbles-400-g/_/A-6007875287806?isFromPLP=true,Meat_Poultry_Fish,2024-04-13
https://www.woolworths.co.za/prod/Food/Promotions/Buy-2-Or-More-And-Save/Buy-any-2-Save-20-/Biltong-with-Wine/Original-Ostrich-Biltong-Snapsticks-400-g/_/A-6007875287899?isFromPLP=true,Meat_Poultry_Fish,2024-04-13
https://www.woolworths.co.za/prod/Food/Meat-Poultry-Fish/Biltong-Droewors/Original-Ostrich-Droewors-400-g/_/A-6007875287974?isFromPLP=true,Meat_Poultry_Fish,2024-04-13
https://www.woolworths.co.za/prod/Food/Meat-Poultry-Fish/Biltong-Droewors/Original-Sliced-Ostrich-Biltong-400-g/_/A-6007875287967?isFromPLP=true,Meat_Poultry_Fish,2024-04-13
https://www.woolworths.co.za/prod/Food/Meat-Poultry-Fish/Biltong-Droewors/Original-Beef-Dro-wors-Nibbles-150-g/_/A-6009207681825?isFromPLP=true,Meat_Poultry_Fish,2024-04-13
https://www.woolworths.co.za/prod/Food/Meat-Poultry-Fish/Biltong-Droewors/Original-Sliced-Beef-Biltong-150-g/_/A-20000851?isFromPLP=true,Meat_Poultry_Fish,2024-04-13
https://www.woolworths.co.za/prod/Food/Meat-Poultry-Fish/Boerewors-Sausages/Bulk-Drakensberg-Boerewors-Avg-1-2-kg/_/A-2565410000005?isFromPLP=true,Meat_Poultry_Fish,2024-04-13
https://www.woolworths.co.za/prod/Food/Meat-Poultry-Fish/Boerewors-Sausages/Drakensberg-Boerewors-600-g/_/A-2067850000008?isFromPLP=true,Meat_Poultry_Fish,2024-04-13
https://www.woolworths.co.za/prod/Food/Meat-Poultry-Fish/Braai/Classic-Beef-Boerewors-Avg-500-g/_/A-2577400000001?isFromPLP=true,Meat_Poultry_Fish,2024-04-13
https://www.woolworths.co.za/prod/Food/Meat-Poultry-Fish/Braai/Free-Range-Beef-Boerewors-Avg-500-g/_/A-2577410000008?isFromPLP=true,Meat_Poultry_Fish,2024-04-13
https://www.woolworths.co.za/prod/Food/Meat-Poultry-Fish/Braai/Halaal-Free-Range-Dhania-Lamb-Sausage-Avg-500-g/_/A-2577440000009?isFromPLP=true,Meat_Poultry_Fish,2024-04-13
https://www.woolworths.co.za/prod/Food/Meat-Poultry-Fish/Braai/Halaal-Dhania-Beef-Sausage-Avg-500-g/_/A-2577430000002?isFromPLP=true,Meat_Poultry_Fish,2024-04-13
https://www.woolworths.co.za/prod/Food/Meat-Poultry-Fish/Biltong-Droewors/Original-Sliced-Beef-Biltong-35-g/_/A-6009223798514?isFromPLP=true,Meat_Poultry_Fish,2024-04-13
https://www.woolworths.co.za/prod/Food/Meat-Poultry-Fish/Free-Range-Crumbed-Chicken-Burgers-6-pk/_/A-6007875514407?isFromPLP=true,Meat_Poultry_Fish,2024-04-13
https://www.woolworths.co.za/prod/Food/Meat-Poultry-Fish/Mince-Meatballs/12-Angus-Beef-Frikkadels-600-g/_/A-6007875539387?isFromPLP=true,Meat_Poultry_Fish,2024-04-13
https://www.woolworths.co.za/prod/Food/Meat-Poultry-Fish/Biltong-Droewors/Original-Free-Range-Venison-Biltong-Snapsticks-150-g/_/A-6009217580392?isFromPLP=true,Meat_Poultry_Fish,2024-04-13
https://www.woolworths.co.za/prod/Food/Meat-Poultry-Fish/Biltong-Droewors/Original-Free-Range-Venison-Biltong-Snapsticks-35-g/_/A-6009217580385?isFromPLP=true,Meat_Poultry_Fish,2024-04-13
https://www.woolworths.co.za/prod/Food/Meat-Poultry-Fish/Braai/Free-Range-Lamb-Beef-Sizzlers-450-g/_/A-6007875585537?isFromPLP=true,Meat_Poultry_Fish,2024-04-13
https://www.woolworths.co.za/prod/Food/Meat-Poultry-Fish/Boerewors-Sausages/Pork-Chipolatas-500-g/_/A-6007875472547?isFromPLP=true,Meat_Poultry_Fish,2024-04-13
https://www.woolworths.co.za/prod/Food/Meat-Poultry-Fish/Biltong-Droewors/Original-Free-Range-Venison-Biltong-Snapsticks-400-g/_/A-6009217580408?isFromPLP=true,Meat_Poultry_Fish,2024-04-13
https://www.woolworths.co.za/prod/Food/Promotions/Buy-2-Or-More-And-Save/Buy-any-2-Save-20-/Corned-Beef-And-Tongue/Halaal-Beef-Tongue-Avg-1-2-kg/_/A-2014310000009?isFromPLP=true,Meat_Poultry_Fish,2024-04-13
https://www.woolworths.co.za/prod/Food/Promotions/Buy-2-Or-More-And-Save/Buy-any-2-Save-20-/Corned-Beef-And-Tongue/Halaal-Corned-Beef-Avg-1-3-kg/_/A-2014320000006?isFromPLP=true,Meat_Poultry_Fish,2024-04-13
https://www.woolworths.co.za/prod/Food/Promotions/Buy-2-Or-More-And-Save/Save-R10/Fish-Cakes/Crumbed-Trout-Fish-Cakes-6-pk/_/A-6009214110523?isFromPLP=true,Meat_Poultry_Fish,2024-04-13
https://www.woolworths.co.za/prod/Food/Meat-Poultry-Fish/Boerewors-Sausages/Bulk-Farmstyle-Wors-Avg-1-2-kg/_/A-2578740000003?isFromPLP=true,Meat_Poultry_Fish,2024-04-13
https://www.woolworths.co.za/prod/Food/Meat-Poultry-Fish/Boerewors-Sausages/Farmstyle-Wors-Avg-600-g/_/A-2578700000005?isFromPLP=true,Meat_Poultry_Fish,2024-04-13
https://www.woolworths.co.za/prod/Food/Meat-Poultry-Fish/Braai/Free-Range-Dhania-Lamb-Burgers-8-pk/_/A-6007875744590?isFromPLP=true,Meat_Poultry_Fish,2024-04-13
https://www.woolworths.co.za/prod/Food/Meat-Poultry-Fish/Braai/Free-Range-Spicy-BBQ-Beef-Burgers-8-pk/_/A-6007875744606?isFromPLP=true,Meat_Poultry_Fish,2024-04-13
https://www.woolworths.co.za/prod/Food/Meat-Poultry-Fish/Braai/Halaal-Free-Range-Dhania-Lamb-Burgers-8-pk/_/A-6007875744583?isFromPLP=true,Meat_Poultry_Fish,2024-04-13
https://www.woolworths.co.za/prod/Food/Meat-Poultry-Fish/Braai/Halaal-Free-Range-Spicy-BBQ-Beef-Burgers-8-pk/_/A-6007875744613?isFromPLP=true,Meat_Poultry_Fish,2024-04-13
https://www.woolworths.co.za/prod/Food/Meat-Poultry-Fish/Boerewors-Sausages/Free-Range-Traditional-Lamb-Sausage-500-g/_/A-6009226159442?isFromPLP=true,Meat_Poultry_Fish,2024-04-13
https://www.woolworths.co.za/prod/Food/Meat-Poultry-Fish/Braai/Halaal-Traditional-Boerewors-Avg-500-g/_/A-2578840000002?isFromPLP=true,Meat_Poultry_Fish,2024-04-13
https://www.woolworths.co.za/prod/Food/Meat-Poultry-Fish/Braai/Traditional-Thick-Boerewors-Avg-600-g/_/A-2578750000000?isFromPLP=true,Meat_Poultry_Fish,2024-04-13
https://www.woolworths.co.za/prod/Food/Meat-Poultry-Fish/Mince-Meatballs/Free-Range-Chicken-Frikkadels-600-g/_/A-6009189625114?isFromPLP=true,Meat_Poultry_Fish,2024-04-13
https://www.woolworths.co.za/prod/Food/Meat-Poultry-Fish/Mince-Meatballs/Free-Range-Extra-Lean-Venison-Mince-500-g/_/A-6009217583010?isFromPLP=true,Meat_Poultry_Fish,2024-04-13
https://www.woolworths.co.za/prod/Food/Meat-Poultry-Fish/Ostrich-Fillets-500-g/_/A-20161378?isFromPLP=true,Meat_Poultry_Fish,2024-04-13
https://www.woolworths.co.za/prod/Food/Meat-Poultry-Fish/Ostrich-Fillets-Avg-500-g/_/A-2565480000004?isFromPLP=true,Meat_Poultry_Fish,2024-04-13
https://www.woolworths.co.za/prod/Food/Meat-Poultry-Fish/Whole-Ostrich-Fillet-Avg-500-g/_/A-2083010000008?isFromPLP=true,Meat_Poultry_Fish,2024-04-13
https://www.woolworths.co.za/prod/Food/Meat-Poultry-Fish/Lamb/Cuts-Other/Halaal-Free-Range-Lamb-Knuckles-Avg-750-g/_/A-2570790000002?isFromPLP=true,Meat_Poultry_Fish,2024-04-13
https://www.woolworths.co.za/prod/Food/Meat-Poultry-Fish/Poultry/Southern-Fried-Chicken-Portions-Avg-1-kg/_/A-2579240000005?isFromPLP=true,Meat_Poultry_Fish,2024-04-13
https://www.woolworths.co.za/prod/Food/Meat-Poultry-Fish/Fresh-Free-Range-Beef-Gravy-250-ml/_/A-6009189566219?isFromPLP=true,Meat_Poultry_Fish,2024-04-13
https://www.woolworths.co.za/prod/Food/Meat-Poultry-Fish/Fresh-Liquid-Vegetable-Stock-500-ml/_/A-6009195814564?isFromPLP=true,Meat_Poultry_Fish,2024-04-13
https://www.woolworths.co.za/prod/Food/Meat-Poultry-Fish/Lamb/Cuts-Other/Halaal-Free-Range-Lamb-Shank-Knuckles-Avg-750-g/_/A-2579310000003?isFromPLP=true,Meat_Poultry_Fish,2024-04-13
https://www.woolworths.co.za/prod/Food/Braai-Shop/Plant-Based-Braai/PlantLove-Grabouw-Style-Soya-Sizzlers-300-g/_/A-6009226121234?isFromPLP=true,Meat_Poultry_Fish,2024-04-13
https://www.woolworths.co.za/prod/Food/Meat-Poultry-Fish/Mince-Meatballs/Free-Range-Venison-Frikkadels-12-pk/_/A-6009226656101?isFromPLP=true,Meat_Poultry_Fish,2024-04-13
https://www.woolworths.co.za/prod/Food/Meat-Poultry-Fish/Boerewors-Sausages/Free-Range-Lamb-Boerewors-Avg-500-g/_/A-2578640000004?isFromPLP=true,Meat_Poultry_Fish,2024-04-13
https://www.woolworths.co.za/prod/Food/Promotions/Buy-2-Or-More-And-Save/Buy-any-2-Save-20-/Sausages-Bangers/Sosatie-Lamb-Sausage-500-g/_/A-6009000818855?isFromPLP=true,Meat_Poultry_Fish,2024-04-13
https://www.woolworths.co.za/prod/Food/Meat-Poultry-Fish/Boerewors-Sausages/Free-Range-Rosemary-Lamb-Sausage-with-Oregano-500-g/_/A-6009226159459?isFromPLP=true,Meat_Poultry_Fish,2024-04-13
https://www.woolworths.co.za/prod/Food/Meat-Poultry-Fish/Halaal-Tenderised-Beef-Steak-Avg-750-g/_/A-2011510000006?isFromPLP=true,Meat_Poultry_Fish,2024-04-13
https://www.woolworths.co.za/prod/Food/Meat-Poultry-Fish/Biltong-Droewors/Original-Free-Range-Beef-Dro-wors-Nibbles-5-x-25-g/_/A-6009204182462?isFromPLP=true,Meat_Poultry_Fish,2024-04-13
https://www.woolworths.co.za/prod/Food/Meat-Poultry-Fish/Biltong-Droewors/Original-Free-Range-Sliced-Beef-Biltong-5-x-25-g/_/A-6009204182479?isFromPLP=true,Meat_Poultry_Fish,2024-04-13
https://www.woolworths.co.za/prod/Food/Easter-Shop/Easter-Feast/Easter-Braai/Meat-Poultry-Fish/Free-Range-Shisanyama-Style-Chuck-Steaks-Avg-1-2-kg/_/A-2574220000006?isFromPLP=true,Meat_Poultry_Fish,2024-04-13
https://www.woolworths.co.za/prod/Food/Eid-Shop/Eid-Feast/Eid-Lunch/Easy-to-Cook-Roast/Halaal-Free-Range-Lamb-Pack-Avg-2-7-kg/_/A-2570680000006?isFromPLP=true,Meat_Poultry_Fish,2024-04-13
https://www.woolworths.co.za/prod/Food/Eid-Shop/Eid-Feast/Eid-Lunch/Easy-to-Cook-Roast/Halaal-Free-Range-Leg-of-Lamb-Avg-2-kg/_/A-2573470000002?isFromPLP=true,Meat_Poultry_Fish,2024-04-13
https://www.woolworths.co.za/prod/Food/Promotions/Buy-2-Or-More-And-Save/Buy-any-2-Save-20-/Ostrich-and-Venison/Free-Range-Venison-Fillet-Avg-500-g/_/A-2573490000006?isFromPLP=true,Meat_Poultry_Fish,2024-04-13
https://www.woolworths.co.za/prod/Food/Promotions/Buy-2-Or-More-And-Save/Buy-any-2-Save-20-/Ostrich-and-Venison/Free-Range-Venison-Steak-Avg-500-g/_/A-2573500000002?isFromPLP=true,Meat_Poultry_Fish,2024-04-13
https://www.woolworths.co.za/prod/Online-Feature/Content/Hot-dogs-with-all-the-toppings/Chimichurri-Blend-45-g/_/A-6009182309929?isFromPLP=true,Meat_Poultry_Fish,2024-04-13
https://www.woolworths.co.za/prod/Food/Food-Basket/WRewards-Green/Free-Range-Beef-Short-Rib-Avg-900-g/_/A-2093460000008?isFromPLP=true,Meat_Poultry_Fish,2024-04-13
https://www.woolworths.co.za/prod/Food/Meat-Poultry-Fish/Mince-Meatballs/Lean-Angus-Beef-Mince-500-g/_/A-6009214470139?isFromPLP=true,Meat_Poultry_Fish,2024-04-13
https://www.woolworths.co.za/prod/Food/Meat-Poultry-Fish/Biltong-Droewors/Original-Ostrich-Sliced-Biltong-150-g/_/A-6001009030054?isFromPLP=true,Meat_Poultry_Fish,2024-04-13
https://www.woolworths.co.za/prod/Food/Meat-Poultry-Fish/Fish-Seafood/Coated/Crumbed-Hake-Fish-Cakes-6-pk/_/A-6009182307314?isFromPLP=true,Meat_Poultry_Fish,2024-04-13
https://www.woolworths.co.za/prod/Food/Meat-Poultry-Fish/Mince-Meatballs/Free-Range-Lean-Beef-Mince-1-kg/_/A-6009171288785?isFromPLP=true,Meat_Poultry_Fish,2024-04-13
https://www.woolworths.co.za/prod/Food/Meat-Poultry-Fish/Fish-Seafood/Coated/Melting-Middle-Crumbed-Hake-Creamy-Mozzarella-Fishcakes-280-g/_/A-6008000837934?isFromPLP=true,Meat_Poultry_Fish,2024-04-13
https://www.woolworths.co.za/prod/Food/Meat-Poultry-Fish/Biltong-Droewors/Original-Angus-Beef-Biltong-Dro-wors-400-g/_/A-6009214425467?isFromPLP=true,Meat_Poultry_Fish,2024-04-13
https://www.woolworths.co.za/prod/Online-Feature/Recipes/Roast-three-bean-salad/Harissa-Blend-55-g/_/A-6009182309974?isFromPLP=true,Meat_Poultry_Fish,2024-04-13
https://www.woolworths.co.za/prod/Food/Meat-Poultry-Fish/Lamb/Chops/Free-Range-Lamb-Chops-Avg-500-g/_/A-2031690000009?isFromPLP=true,Meat_Poultry_Fish,2024-04-13
https://www.woolworths.co.za/prod/Food/Promotions/Buy-2-Or-More-And-Save/Buy-any-2-Save-20-/Braai-Deal/Free-Range-D-ner-Style-Chicken-Kebabs-Avg-800-g/_/A-2579930000001?isFromPLP=true,Meat_Poultry_Fish,2024-04-13
https://www.woolworths.co.za/prod/Food/Meat-Poultry-Fish/Venison-Duck-Ostrich/Ostrich-Steaks-Avg-500-g/_/A-2565460000000?isFromPLP=true,Meat_Poultry_Fish,2024-04-13
https://www.woolworths.co.za/prod/Food/Chocolates-Sweets-Snacks/Biltong-Droewors/Original-Easy-Tear-Beef-Biltong-150-g/_/A-20173609?isFromPLP=true,Meat_Poultry_Fish,2024-04-13
https://www.woolworths.co.za/prod/Food/Meat-Poultry-Fish/Burgers/Spinach-South-African-Feta-Free-Range-Chicken-Burgers-800-g/_/A-6009223157038?isFromPLP=true,Meat_Poultry_Fish,2024-04-13
https://www.woolworths.co.za/prod/Food/Meat-Poultry-Fish/Burgers/Crumbed-Chicken-Burgers-600-g/_/A-6001009023728?isFromPLP=true,Meat_Poultry_Fish,2024-04-13
https://www.woolworths.co.za/prod/Food/Meat-Poultry-Fish/Poultry/Roasts-Whole-Chickens/Savoury-Deboned-Chicken-Avg-1-kg/_/A-2064510000002?isFromPLP=true,Meat_Poultry_Fish,2024-04-13
https://www.woolworths.co.za/prod/Food/Meat-Poultry-Fish/Beef/Cuts/Free-Range-Beef-Selection-Pack-Avg-1-2-kg/_/A-2093470000005?isFromPLP=true,Meat_Poultry_Fish,2024-04-13
https://www.woolworths.co.za/prod/Food/Meat-Poultry-Fish/Beef/Steaks/Matured-Thick-Cut-Angus-Beef-Rump-Steak-Avg-700-g/_/A-2571010000000?isFromPLP=true,Meat_Poultry_Fish,2024-04-13
https://www.woolworths.co.za/prod/Food/Meat-Poultry-Fish/Beef/Steaks/Matured-Thick-Cut-Beef-Sirloin-Steak-Avg-550-g/_/A-2028910000000?isFromPLP=true,Meat_Poultry_Fish,2024-04-13
https://www.woolworths.co.za/prod/Food/Meat-Poultry-Fish/Poultry/Crumbed/PlantLove-Crumbed-Savoury-Soya-Portions-200-g/_/A-6009214014845?isFromPLP=true,Meat_Poultry_Fish,2024-04-13
https://www.woolworths.co.za/prod/Food/Meat-Poultry-Fish/Boerewors-Sausages/Bulk-Grabouw-Boerewors-Avg-1-5-kg/_/A-2061550000009?isFromPLP=true,Meat_Poultry_Fish,2024-04-13
https://www.woolworths.co.za/prod/Food/Meat-Poultry-Fish/Poultry/Roasts-Whole-Chickens/Whole-Chicken-Avg-3-kg/_/A-2070940000000?isFromPLP=true,Meat_Poultry_Fish,2024-04-13
https://www.woolworths.co.za/prod/Food/Meat-Poultry-Fish/Poultry/Kebabs-Espetadas/6-BBQ-Marinated-Chicken-Kebabs-650-g/_/A-20076474?isFromPLP=true,Meat_Poultry_Fish,2024-04-13
https://www.woolworths.co.za/prod/Food/Meat-Poultry-Fish/Beef/Free-Range-Bulk-Stewing-Beef-Avg-2-6-kg/_/A-2069590000003?isFromPLP=true,Meat_Poultry_Fish,2024-04-13
https://www.woolworths.co.za/prod/Food/Meat-Poultry-Fish/Crumbed-Meat-Poultry-Fish/Lemon-Black-Pepper-Crumbed-Chicken-Breast-Fillets-Avg-500-g/_/A-2027030000006?isFromPLP=true,Meat_Poultry_Fish,2024-04-13
https://www.woolworths.co.za/prod/Food/Promotions/Buy-2-Or-More-And-Save/Buy-any-2-Save-20-/Frikkadels/Wagyu-Beef-Frikkadels-600-g/_/A-6009223531920?isFromPLP=true,Meat_Poultry_Fish,2024-04-13
https://www.woolworths.co.za/prod/Food/Promotions/Buy-2-Or-More-And-Save/Save-R25/Crumbled-Schnitzels/Crumbed-Turkey-Schnitzels-Avg-750-g/_/A-2571500000008?isFromPLP=true,Meat_Poultry_Fish,2024-04-13
https://www.woolworths.co.za/prod/Food/Frozen-Food/Fish-Seafood/Frozen-Crumbed-Hake-Fish-Cakes-300-g/_/A-20109233?isFromPLP=true,Meat_Poultry_Fish,2024-04-13
https://www.woolworths.co.za/prod/Food/Frozen-Food/Frozen-Lemon-Dill-Kingklip-Hake-Fish-Cakes-4-pk/_/A-6009223003618?isFromPLP=true,Meat_Poultry_Fish,2024-04-13
https://www.woolworths.co.za/prod/Food/Frozen-Food/Fish-Seafood/Frozen-Tempura-Hake-Fillets-600-g/_/A-6009178641583?isFromPLP=true,Meat_Poultry_Fish,2024-04-13
https://www.woolworths.co.za/prod/Food/Meat-Poultry-Fish/Braai/Bulk-Free-Range-Lamb-Ribbetjies-Avg-950-g/_/A-2578500000007?isFromPLP=true,Meat_Poultry_Fish,2024-04-13
https://www.woolworths.co.za/prod/Food/Meat-Poultry-Fish/Bacon-Other-Smoked/Made-Without-Added-Nitrites-Wood-Smoked-Back-Bacon-250-g/_/A-6007875704044?isFromPLP=true,Meat_Poultry_Fish,2024-04-13
https://www.woolworths.co.za/prod/Food/Meat-Poultry-Fish/Lamb/Mince-Meatballs/Free-Range-Lamb-Mince-500-g/_/A-6009214968070?isFromPLP=true,Meat_Poultry_Fish,2024-04-13
https://www.woolworths.co.za/prod/Food/Meat-Poultry-Fish/Pork/Pork-Bones-Avg-800-g/_/A-2575930000003?isFromPLP=true,Meat_Poultry_Fish,2024-04-13
https://www.woolworths.co.za/prod/Food/Meat-Poultry-Fish/Biltong-Droewors/Original-Free-Range-Venison-Droewors-Nibbles-35-g/_/A-6009217580415?isFromPLP=true,Meat_Poultry_Fish,2024-04-13
https://www.woolworths.co.za/prod/Food/Promotions/Buy-2-Or-More-And-Save/Save-10-/Buy-6-Bulk-Meats-Save-10-/Bulk-Stewing-Beef-Avg-2-6-kg/_/A-2029970000009?isFromPLP=true,Meat_Poultry_Fish,2024-04-13
https://www.woolworths.co.za/prod/Food/Meat-Poultry-Fish/Boerewors-Sausages/Grabouw-Boerewors-Avg-350-g/_/A-2085930000007?isFromPLP=true,Meat_Poultry_Fish,2024-04-13
https://www.woolworths.co.za/prod/Food/Meat-Poultry-Fish/Fish-Seafood/Whole-Fish-Portions/Kingklip-Portions-250-g/_/A-6009214508474?isFromPLP=true,Meat_Poultry_Fish,2024-04-13
https://www.woolworths.co.za/prod/Food/Meat-Poultry-Fish/Boerewors-Sausages/Pork-Boerewors-Avg-1-2-kg/_/A-2576260000008?isFromPLP=true,Meat_Poultry_Fish,2024-04-13
https://www.woolworths.co.za/prod/Food/Meat-Poultry-Fish/Boerewors-Sausages/Traditional-Wagyu-Beef-Bangers-500-g/_/A-6009223532231?isFromPLP=true,Meat_Poultry_Fish,2024-04-13
https://www.woolworths.co.za/prod/Food/Meat-Poultry-Fish/Fish-Seafood/Coated/Crumbed-Hake-Burgers-4-pk/_/A-6009226729713?isFromPLP=true,Meat_Poultry_Fish,2024-04-13
https://www.woolworths.co.za/prod/Food/Frozen-Food/Plant-Based/Frozen-PlantLove-Crumbed-Savoury-Soya-Bites-300-g/_/A-6009217300495?isFromPLP=true,Meat_Poultry_Fish,2024-04-13
https://www.woolworths.co.za/prod/Food/Frozen-Food/Fish-Seafood/Frozen-Fish-Pie-800-g/_/A-6009211813892?isFromPLP=true,Meat_Poultry_Fish,2024-04-13
https://www.woolworths.co.za/prod/Food/Meat-Poultry-Fish/Mince-Meatballs/Free-Range-Extra-Lean-Beef-Mince-1-kg/_/A-6009101091232?isFromPLP=true,Meat_Poultry_Fish,2024-04-13
https://www.woolworths.co.za/prod/Food/Meat-Poultry-Fish/Burgers/Frozen-Crumbed-Vegetable-Rounds-540-g/_/A-6009223211006?isFromPLP=true,Meat_Poultry_Fish,2024-04-13
https://www.woolworths.co.za/prod/Online-Feature/Content/Supporting-Sustainability/Sustainably-Sourced-Fish/Frozen-Lightly-Smoked-Honeyed-Norwegian-Salmon-400-g/_/A-6009175675406?isFromPLP=true,Meat_Poultry_Fish,2024-04-13
https://www.woolworths.co.za/prod/Food/Meat-Poultry-Fish/Beef/Steaks/Matured-Thick-Cut-Angus-Beef-Sirloin-Steak-Avg-600-g/_/A-2571020000007?isFromPLP=true,Meat_Poultry_Fish,2024-04-13
https://www.woolworths.co.za/prod/Food/Promotions/Buy-2-Or-More-And-Save/Buy-any-2-Save-20-/Braai-Deal/Thinly-Sliced-Beef-Short-Rib-with-Shisanyama-Seasoning-Avg-600-g/_/A-2578340000007?isFromPLP=true,Meat_Poultry_Fish,2024-04-13
https://www.woolworths.co.za/prod/Food/Meat-Poultry-Fish/Braai/Marinades-Spices-Rubs/Peri-Peri-Blend-50-g/_/A-6009182310970?isFromPLP=true,Meat_Poultry_Fish,2024-04-13
https://www.woolworths.co.za/prod/Food/Meat-Poultry-Fish/Poultry/Free-Range-Mixed-Chicken-Portions-Avg-800-g/_/A-2580070000004?isFromPLP=true,Meat_Poultry_Fish,2024-04-13
https://www.woolworths.co.za/prod/Food/Meat-Poultry-Fish/Easy-Roasts-Meals/Chicken-Other-Poultry/Savoury-Rub-Chicken-Roast-with-a-Butter-Brine-Based-Blend-Avg-1-2-kg/_/A-2020270000003?isFromPLP=true,Meat_Poultry_Fish,2024-04-13
https://www.woolworths.co.za/prod/Food/Promotions/Buy-2-Or-More-And-Save/Buy-any-2-Save-20-/Braai-Deal/Free-Range-BBQ-Bone-In-Chicken-Thigh-Espetadas-Avg-900-g/_/A-2579910000007?isFromPLP=true,Meat_Poultry_Fish,2024-04-13
https://www.woolworths.co.za/prod/Food/Meat-Poultry-Fish/Burgers/Free-Range-Chicken-Burgers-8-pk/_/A-6009189638886?isFromPLP=true,Meat_Poultry_Fish,2024-04-13
https://www.woolworths.co.za/prod/Food/Meat-Poultry-Fish/Mince-Meatballs/Free-Range-Chicken-Mince-500-g/_/A-6009189566547?isFromPLP=true,Meat_Poultry_Fish,2024-04-13
https://www.woolworths.co.za/prod/Food/Chocolates-Sweets-Snacks/Biltong-Droewors/Beef/Original-Beef-Biltong-Crisps-100-g/_/A-6009195969646?isFromPLP=true,Meat_Poultry_Fish,2024-04-13
https://www.woolworths.co.za/prod/Food/Meat-Poultry-Fish/Beef/Angus-Beef-Chuck-Eye-Steak-Avg-400-g/_/A-2575650000000?isFromPLP=true,Meat_Poultry_Fish,2024-04-13
https://www.woolworths.co.za/prod/Food/Meat-Poultry-Fish/Fish-Seafood/Whole-Fish-Portions/Rainbow-Trout-Portions-750-g/_/A-6009195772840?isFromPLP=true,Meat_Poultry_Fish,2024-04-13
https://www.woolworths.co.za/prod/Food/Meat-Poultry-Fish/Crumbed-Meat-Poultry-Fish/Southern-Fried-Chicken-Breast-Strips-Avg-400-g/_/A-2031550000002?isFromPLP=true,Meat_Poultry_Fish,2024-04-13
https://www.woolworths.co.za/prod/Food/Promotions/Buy-2-Or-More-And-Save/Buy-any-2-Save-20-/Sausages-And-Bangers/Free-Range-Duck-Sausage-400-g/_/A-6009214954738?isFromPLP=true,Meat_Poultry_Fish,2024-04-13
https://www.woolworths.co.za/prod/Food/Meat-Poultry-Fish/Biltong-Droewors/Original-Free-Range-Sliced-Beef-Biltong-150-g/_/A-6001009025609?isFromPLP=true,Meat_Poultry_Fish,2024-04-13
https://www.woolworths.co.za/prod/Food/Meat-Poultry-Fish/Poultry/Crumbed/Crumbed-Chicken-Steaklets-450-g/_/A-6001009023711?isFromPLP=true,Meat_Poultry_Fish,2024-04-13
https://www.woolworths.co.za/prod/Food/Meat-Poultry-Fish/Poultry/Chicken-Portions-Other/Free-Range-Chicken-Livers-250-g/_/A-6001009000262?isFromPLP=true,Meat_Poultry_Fish,2024-04-13
https://www.woolworths.co.za/prod/Food/Meat-Poultry-Fish/Biltong-Droewors/Original-Sliced-Ostrich-Biltong-35-g/_/A-6009217223824?isFromPLP=true,Meat_Poultry_Fish,2024-04-13
https://www.woolworths.co.za/prod/Food/Chocolates-Sweets-Snacks/Biltong-Droewors/Beef/Original-Beef-Dro-wors-Nibbles-400-g/_/A-6009189932359?isFromPLP=true,Meat_Poultry_Fish,2024-04-13
https://www.woolworths.co.za/prod/Food/Meat-Poultry-Fish/Fish-Seafood/Whole-Fish-Portions/Yellowfin-Tuna-Steak-300-g/_/A-6001009033604?isFromPLP=true,Meat_Poultry_Fish,2024-04-13
https://www.woolworths.co.za/prod/Food/Meat-Poultry-Fish/Crumbed-Meat-Poultry-Fish/Crumbed-Beef-Schnitzels-Avg-500-g/_/A-2080260000000?isFromPLP=true,Meat_Poultry_Fish,2024-04-13
https://www.woolworths.co.za/prod/Food/Meat-Poultry-Fish/Poultry/Chicken-Portions-Other/Skinless-Chicken-Breast-Fillets-Avg-1-kg/_/A-2070340000006?isFromPLP=true,Meat_Poultry_Fish,2024-04-13
https://www.woolworths.co.za/prod/Food/Chocolates-Sweets-Snacks/Biltong-Droewors/Free-Range-Chilli-Beef-Dro-wors-150-g/_/A-6009214777009?isFromPLP=true,Meat_Poultry_Fish,2024-04-13
https://www.woolworths.co.za/prod/Food/Meat-Poultry-Fish/Boerewors-Sausages/Traditional-Boerewors-Avg-350-g/_/A-2577420000005?isFromPLP=true,Meat_Poultry_Fish,2024-04-13
https://www.woolworths.co.za/prod/Food/Meat-Poultry-Fish/Poultry/Marinated-Braai/Shisanyama-Style-Free-Range-Chicken-Steaks-Avg-700-g/_/A-2575840000001?isFromPLP=true,Meat_Poultry_Fish,2024-04-13
https://www.woolworths.co.za/prod/Food/Meat-Poultry-Fish/Beef/Bulk-Beef-Stewing-Portions-Avg-2-3-kg/_/A-2580110000001?isFromPLP=true,Meat_Poultry_Fish,2024-04-13
https://www.woolworths.co.za/prod/Food/Meat-Poultry-Fish/Biltong-Droewors/Original-Free-Range-Sliced-Venison-Biltong-150-g/_/A-6009184172354?isFromPLP=true,Meat_Poultry_Fish,2024-04-13
https://www.woolworths.co.za/prod/Food/Meat-Poultry-Fish/Braai/Tuscan-Rub-Chicken-Roast-with-a-Butter-Brine-Based-Blend-Avg-1-2-kg/_/A-2032130000009?isFromPLP=true,Meat_Poultry_Fish,2024-04-13
https://www.woolworths.co.za/prod/Food/Promotions/Buy-2-Or-More-And-Save/Save-10-/Buy-6-Bulk-Meats-Save-10-/Pork-Rib-Eye-Steaks-Avg-500-g/_/A-2027820000001?isFromPLP=true,Meat_Poultry_Fish,2024-04-13
https://www.woolworths.co.za/prod/Food/Meat-Poultry-Fish/Bacon-Other-Smoked/Made-Without-Added-Nitrites-Wood-Smoked-Streaky-Bacon-250-g/_/A-6007875704051?isFromPLP=true,Meat_Poultry_Fish,2024-04-13
https://www.woolworths.co.za/prod/Food/Promotions/Buy-2-Or-More-And-Save/Save-10-/Buy-6-Bulk-Meats-Save-10-/Crumbed-Pork-Schnitzels-Avg-600-g/_/A-2034320000004?isFromPLP=true,Meat_Poultry_Fish,2024-04-13
https://www.woolworths.co.za/prod/Food/Meat-Poultry-Fish/Braai/Marinades-Spices-Rubs/Flavour-Max-Seasoning-170-g/_/A-6009189540790?isFromPLP=true,Meat_Poultry_Fish,2024-04-13
https://www.woolworths.co.za/prod/Food/Meat-Poultry-Fish/Braai/Bulk-Free-Range-Lamb-Chops-Avg-1-kg/_/A-2068830000001?isFromPLP=true,Meat_Poultry_Fish,2024-04-13
https://www.woolworths.co.za/prod/Food/Promotions/Buy-2-Or-More-And-Save/Save-R20/Crumbed-Pork-Chops/Crumbed-Pork-Chops-Avg-730-g/_/A-2034340000008?isFromPLP=true,Meat_Poultry_Fish,2024-04-13
https://www.woolworths.co.za/prod/Food/Meat-Poultry-Fish/Beef/Offal-Others/Beef-Oxtail-Avg-1-3-kg/_/A-2005550000003?isFromPLP=true,Meat_Poultry_Fish,2024-04-13
https://www.woolworths.co.za/prod/Food/Meat-Poultry-Fish/Biltong-Droewors/Original-Angus-Sliced-Beef-Biltong-400-g/_/A-6009214424446?isFromPLP=true,Meat_Poultry_Fish,2024-04-13
https://www.woolworths.co.za/prod/Food/Frozen-Food/Fish-Seafood/Easy-to-Cook-Frozen-Salmon-Potato-Dauphinoise-800-g/_/A-6009211167582?isFromPLP=true,Meat_Poultry_Fish,2024-04-13
https://www.woolworths.co.za/prod/Food/Promotions/Buy-2-Or-More-And-Save/Buy-any-2-Save-20-/Braai-Deal/Free-Range-Smoked-Paprika-Coriander-Deboned-Chicken-Avg-1-kg/_/A-2579940000008?isFromPLP=true,Meat_Poultry_Fish,2024-04-13
https://www.woolworths.co.za/prod/Food/Meat-Poultry-Fish/Bacon-Other-Smoked/Bacon/Wood-Smoked-Back-Bacon-250-g/_/A-6009178801734?isFromPLP=true,Meat_Poultry_Fish,2024-04-13
https://www.woolworths.co.za/prod/Food/Meat-Poultry-Fish/Lamb/Chops/Free-Range-Lamb-Loin-Chops-Avg-650-g/_/A-2004710000006?isFromPLP=true,Meat_Poultry_Fish,2024-04-13
https://www.woolworths.co.za/prod/Food/Meat-Poultry-Fish/Pork/Chops-Other/Bulk-Pork-Shoulder-Chops-Avg-1-1-kg/_/A-2577450000006?isFromPLP=true,Meat_Poultry_Fish,2024-04-13
https://www.woolworths.co.za/prod/Food/Meat-Poultry-Fish/Poultry/Spicy-Southern-Fried-Chicken-Strips-Avg-400-g/_/A-2581010000009?isFromPLP=true,Meat_Poultry_Fish,2024-04-13
https://www.woolworths.co.za/prod/Food/Meat-Poultry-Fish/Burgers/Medium-Fat-Smoked-Flavoured-Haloumi-Burgers-4-pk/_/A-6009211674912?isFromPLP=true,Meat_Poultry_Fish,2024-04-13
https://www.woolworths.co.za/prod/Food/Meat-Poultry-Fish/Bacon-Other-Smoked/Made-Without-Added-Nitrites-Wood-Smoked-Diced-Bacon-250-g/_/A-6007875704068?isFromPLP=true,Meat_Poultry_Fish,2024-04-13
https://www.woolworths.co.za/prod/Food/Meat-Poultry-Fish/Braai/Steak-Ribs-Burgers/BBQ-Beef-Ribs-Avg-1-kg/_/A-2570880000004?isFromPLP=true,Meat_Poultry_Fish,2024-04-13
https://www.woolworths.co.za/prod/Food/Meat-Poultry-Fish/Bacon-Other-Smoked/Bacon/Bulk-Diced-Wood-Smoked-Bacon-500-g/_/A-6009182649780?isFromPLP=true,Meat_Poultry_Fish,2024-04-13
https://www.woolworths.co.za/prod/Food/Meat-Poultry-Fish/Poultry/Chicken-Portions-Other/Skinless-Chicken-Drumsticks-Thighs-Avg-800-g/_/A-2084910000006?isFromPLP=true,Meat_Poultry_Fish,2024-04-13
https://www.woolworths.co.za/prod/Easter/Promotions/WR-Buy-Any-2-Save-25-on-Easy-Meals-Roasts/Beef-Lamb-Pork-Oxtail/Free-Range-Deboned-Leg-of-Lamb-with-Rosemary-Garlic-Avg-1-kg/_/A-2009330000009?isFromPLP=true,Meat_Poultry_Fish,2024-04-13
https://www.woolworths.co.za/prod/Food/Meat-Poultry-Fish/Poultry/Duck-Turkey/Free-Range-Duck-with-Chinese-5-Spice-Avg-1-7-kg/_/A-2560260000007?isFromPLP=true,Meat_Poultry_Fish,2024-04-13
https://www.woolworths.co.za/prod/Food/Deli-Entertaining/Plant-Based-Deli/PlantLove-Crumbed-Savoury-Soya-Strips-200-g/_/A-6009223797036?isFromPLP=true,Meat_Poultry_Fish,2024-04-13
https://www.woolworths.co.za/prod/Food/Meat-Poultry-Fish/Crumbed-Meat-Poultry-Fish/Free-Range-Crumbed-Chicken-Tenders-Avg-400-g/_/A-2580860000009?isFromPLP=true,Meat_Poultry_Fish,2024-04-13
https://www.woolworths.co.za/prod/Food/Frozen-Food/Frozen-Potato-Smoked-Salmon-Spinach-Stacks-4-pk/_/A-6007875710267?isFromPLP=true,Meat_Poultry_Fish,2024-04-13
https://www.woolworths.co.za/prod/Food/Food-Basket/WRewards-Green/Free-Range-Chicken-Portions-Avg-1-2-kg/_/A-2070950000007?isFromPLP=true,Meat_Poultry_Fish,2024-04-13
https://www.woolworths.co.za/prod/Food/Meat-Poultry-Fish/Bacon-Other-Smoked/Bacon/Reduced-Fat-Wood-Smoked-Bacon-200-g/_/A-6009178801987?isFromPLP=true,Meat_Poultry_Fish,2024-04-13
https://www.woolworths.co.za/prod/Food/Meat-Poultry-Fish/Mince-Meatballs/Free-Range-Extra-Lean-Beef-Mince-500-g/_/A-6009101091225?isFromPLP=true,Meat_Poultry_Fish,2024-04-13
https://www.woolworths.co.za/prod/Food/Chocolates-Sweets-Snacks/Biltong-Droewors/Beef/Original-Angus-Beef-Biltong-Snapsticks-35-g/_/A-6009223162230?isFromPLP=true,Meat_Poultry_Fish,2024-04-13
https://www.woolworths.co.za/prod/Food/Frozen-Food/Frozen-Beef-Bones-Avg-1-1-kg/_/A-2580090000008?isFromPLP=true,Meat_Poultry_Fish,2024-04-13
https://www.woolworths.co.za/prod/Food/Chocolates-Sweets-Snacks/Biltong-Droewors/Free-Range-Chilli-Chicken-Biltong-Sticks-150-g/_/A-6009207681832?isFromPLP=true,Meat_Poultry_Fish,2024-04-13
https://www.woolworths.co.za/prod/Food/Meat-Poultry-Fish/Pork/Chops-Other/Bulk-Pork-Rib-Eye-Steaks-Avg-1-1-kg/_/A-2575920000006?isFromPLP=true,Meat_Poultry_Fish,2024-04-13
https://www.woolworths.co.za/prod/Food/Wellbeing-Plant-Based-Shop/Plant-Based-Alternatives/Vegetarian/Ready-Meals/Vegetarian-Mushroom-Red-Pepper-Kyivs-2-pk/_/A-6009211573765?isFromPLP=true,Meat_Poultry_Fish,2024-04-13
https://www.woolworths.co.za/prod/Food/Frozen-Food/Fish-Seafood/Frozen-Rainbow-Trout-Portions-400-g/_/A-6001009033895?isFromPLP=true,Meat_Poultry_Fish,2024-04-13
https://www.woolworths.co.za/prod/Food/Meat-Poultry-Fish/Biltong-Droewors/Original-Free-Range-Beef-Biltong-Snapsticks-150-g/_/A-6001009025616?isFromPLP=true,Meat_Poultry_Fish,2024-04-13
https://www.woolworths.co.za/prod/Food/Meat-Poultry-Fish/Beef/Steaks/8-Matured-Beef-Sirloin-Steaks-Avg-1-2-kg/_/A-2029920000004?isFromPLP=true,Meat_Poultry_Fish,2024-04-13
https://www.woolworths.co.za/prod/Food/Meat-Poultry-Fish/Pork/Smoked-Pork-Belly-Rib-Avg-900-g/_/A-2579860000003?isFromPLP=true,Meat_Poultry_Fish,2024-04-13
https://www.woolworths.co.za/prod/Food/Promotions/Buy-2-Or-More-And-Save/Buy-any-2-Save-20-/Braai-Deal/Free-Range-Chicken-Prego-Fillets-750-g/_/A-6009226777578?isFromPLP=true,Meat_Poultry_Fish,2024-04-13
https://www.woolworths.co.za/prod/Food/Frozen-Food/Fish-Seafood/Frozen-Hake-Curry-800-g/_/A-6009211813908?isFromPLP=true,Meat_Poultry_Fish,2024-04-13
https://www.woolworths.co.za/prod/Food/Meat-Poultry-Fish/Lamb/Cuts-Other/Free-Range-Lamb-Knuckles-Avg-750-g/_/A-2031680000002?isFromPLP=true,Meat_Poultry_Fish,2024-04-13
https://www.woolworths.co.za/prod/Food/Meat-Poultry-Fish/Poultry/Chicken-Portions-Other/Chicken-Portions-Avg-1-5-kg/_/A-2061480000001?isFromPLP=true,Meat_Poultry_Fish,2024-04-13
https://www.woolworths.co.za/prod/Food/Meat-Poultry-Fish/Lamb/Cuts-Other/Free-Range-Lamb-Bones-Avg-1-kg/_/A-2570760000001?isFromPLP=true,Meat_Poultry_Fish,2024-04-13
https://www.woolworths.co.za/prod/Online-Feature/Content/Braai-Destination/2-Moroccan-Pork-Belly-Espetadas-Avg-600-g/_/A-2563010000005?isFromPLP=true,Meat_Poultry_Fish,2024-04-13
https://www.woolworths.co.za/prod/Food/Meat-Poultry-Fish/Beef/Steaks/Halaal-Matured-Thick-Cut-Beef-Sirloin-Steak-Avg-600-g/_/A-2060280000006?isFromPLP=true,Meat_Poultry_Fish,2024-04-13
https://www.woolworths.co.za/prod/Food/Ready-Meals/Plant-Based-Meals/PlantLove-Swiss-Chard-Sweetcorn-Butter-Bean-Rounds-4-pk/_/A-20201814?isFromPLP=true,Meat_Poultry_Fish,2024-04-13
https://www.woolworths.co.za/prod/Food/Promotions/Buy-2-Or-More-And-Save/Buy-any-2-save-R40/Biltong/Original-Ostrich-Biltong-Snapsticks-150-g/_/A-20199630?isFromPLP=true,Meat_Poultry_Fish,2024-04-13
https://www.woolworths.co.za/prod/Food/Meat-Poultry-Fish/Lamb/Cuts-Other/Free-Range-Lamb-Pack-Avg-2-6-kg/_/A-2068820000004?isFromPLP=true,Meat_Poultry_Fish,2024-04-13
https://www.woolworths.co.za/prod/Food/Deli-Entertaining/Plant-Based-Deli/PlantLove-Crumbed-Soya-Ocean-Portions-200-g/_/A-6009223797050?isFromPLP=true,Meat_Poultry_Fish,2024-04-13
https://www.woolworths.co.za/prod/Food/Meat-Poultry-Fish/Lamb/Cuts-Other/Free-Range-Lamb-Kidneys-Avg-450-g/_/A-2572500000005?isFromPLP=true,Meat_Poultry_Fish,2024-04-13
https://www.woolworths.co.za/prod/Food/Meat-Poultry-Fish/Pork/Chops-Other/4-Seasoned-Pork-Cheek-Steaks-Avg-900-g/_/A-2576090000001?isFromPLP=true,Meat_Poultry_Fish,2024-04-13
https://www.woolworths.co.za/prod/Food/Meat-Poultry-Fish/Lamb/Cuts-Other/Free-Range-Lamb-Leg-Cubes-Avg-500-g/_/A-2033060000008?isFromPLP=true,Meat_Poultry_Fish,2024-04-13
https://www.woolworths.co.za/prod/Food/Meat-Poultry-Fish/Pork/Pork-Belly-Roast-Avg-1-kg/_/A-2005060000005?isFromPLP=true,Meat_Poultry_Fish,2024-04-13
https://www.woolworths.co.za/prod/Food/Promotions/Buy-2-Or-More-And-Save/Buy-any-2-Save-20-/Frikkadels/Sosatie-Beef-Frikkadels-600-g/_/A-6009207125848?isFromPLP=true,Meat_Poultry_Fish,2024-04-13
https://www.woolworths.co.za/prod/Food/Meat-Poultry-Fish/Poultry/Free-Range-Smoked-Paprika-Coriander-Chicken-Steaks-Avg-700-g/_/A-2578410000005?isFromPLP=true,Meat_Poultry_Fish,2024-04-13
https://www.woolworths.co.za/prod/Easter/Promotions/WR-Buy-Any-2-Save-25-on-Easy-Meals-Roasts/Beef-Lamb-Pork-Oxtail/Slow-Cooked-Lamb-Shanks-Avg-1-4-kg/_/A-2083150000005?isFromPLP=true,Meat_Poultry_Fish,2024-04-13
https://www.woolworths.co.za/prod/Food/Meat-Poultry-Fish/Pork/Roasts/Medium-Ready-to-Cook-Gammon-Avg-1-7-kg/_/A-2028540000005?isFromPLP=true,Meat_Poultry_Fish,2024-04-13
https://www.woolworths.co.za/prod/Food/Promotions/Buy-2-Or-More-And-Save/Buy-any-2-Save-20-/Easy-To-Cook-Protein-Roast-Deal/Free-Range-Chicken-Drumsticks-in-a-Coconut-Curry-1-2-kg/_/A-6009217536849?isFromPLP=true,Meat_Poultry_Fish,2024-04-13
https://www.woolworths.co.za/prod/Food/Meat-Poultry-Fish/Poultry/Crumbed/Crumbed-Chicken-Schnitzels-Avg-700-g/_/A-2034180000008?isFromPLP=true,Meat_Poultry_Fish,2024-04-13
https://www.woolworths.co.za/prod/Food/Meat-Poultry-Fish/Beef/Steaks/Barbeque-Rib-Eye-Beef-Steaks-Avg-450-g/_/A-2083480000003?isFromPLP=true,Meat_Poultry_Fish,2024-04-13
https://www.woolworths.co.za/prod/Food/Frozen-Food/Fish-Seafood/Frozen-Chilli-Lime-Norwegian-Salmon-Portions-400-g/_/A-6008000200530?isFromPLP=true,Meat_Poultry_Fish,2024-04-13
https://www.woolworths.co.za/prod/Food/Meat-Poultry-Fish/Plant-Based-Protein/Beyond-Mince-Plant-Based-Mince-250-g/_/A-1230000068307?isFromPLP=true,Meat_Poultry_Fish,2024-04-13
https://www.woolworths.co.za/prod/Food/Meat-Poultry-Fish/Lamb/Cuts-Other/Free-Range-Lamb-Shank-Knuckle-Avg-750-g/_/A-2561300000001?isFromPLP=true,Meat_Poultry_Fish,2024-04-13
https://www.woolworths.co.za/prod/Food/Frozen-Food/Beef-Lamb-Poultry-Pork/Frozen-Lamb-Burgers-6-x-100-g/_/A-6009214673219?isFromPLP=true,Meat_Poultry_Fish,2024-04-13
https://www.woolworths.co.za/prod/Food/Meat-Poultry-Fish/Poultry/Chicken-Portions-Other/Chicken-Drumsticks-Avg-1-7-kg/_/A-2034240000009?isFromPLP=true,Meat_Poultry_Fish,2024-04-13
https://www.woolworths.co.za/prod/Food/Meat-Poultry-Fish/Lamb/Cuts-Other/Free-Range-Lamb-Neck-Avg-550-g/_/A-2005800000005?isFromPLP=true,Meat_Poultry_Fish,2024-04-13
https://www.woolworths.co.za/prod/Food/Pantry/Herbs-Spices/Rubs/Chicken-Rub-75-g/_/A-6009207762050?isFromPLP=true,Meat_Poultry_Fish,2024-04-13
https://www.woolworths.co.za/prod/Food/Frozen-Food/Fish-Seafood/Frozen-Mussels-with-Garlic-Herb-Butter-500-g/_/A-6009214621319?isFromPLP=true,Meat_Poultry_Fish,2024-04-13
https://www.woolworths.co.za/prod/Food/Meat-Poultry-Fish/Burgers/Thick-Angus-Beef-Burgers-8-pk/_/A-6009214094403?isFromPLP=true,Meat_Poultry_Fish,2024-04-13
https://www.woolworths.co.za/prod/Food/Meat-Poultry-Fish/Mince-Meatballs/Halaal-Lean-Beef-Mince-1-kg/_/A-6001009032454?isFromPLP=true,Meat_Poultry_Fish,2024-04-13
https://www.woolworths.co.za/prod/Food/Meat-Poultry-Fish/Biltong-Droewors/Free-Range-Duck-Crackling-Crispy-Skin-50-g/_/A-6009214772363?isFromPLP=true,Meat_Poultry_Fish,2024-04-13
https://www.woolworths.co.za/prod/Food/Meat-Poultry-Fish/Fish-Seafood/Whole-Fish-Portions/Basa-Fillets-Avg-300-g/_/A-2565090000005?isFromPLP=true,Meat_Poultry_Fish,2024-04-13
https://www.woolworths.co.za/prod/Food/Chocolates-Sweets-Snacks/Biltong-Droewors/Free-Range-Smoked-Sliced-Beef-Biltong-150-g/_/A-6009214470160?isFromPLP=true,Meat_Poultry_Fish,2024-04-13
https://www.woolworths.co.za/prod/Food/Easter-Shop/Easter-Feast/Easter-Braai/Meat-Poultry-Fish/Free-Range-Lamb-Skilpadjies-Avg-510-g/_/A-2572390000000?isFromPLP=true,Meat_Poultry_Fish,2024-04-13
https://www.woolworths.co.za/prod/Food/Promotions/Buy-2-Or-More-And-Save/Buy-any-2-save-R40/Biltong/Original-Angus-Beef-Biltong-Snapsticks-150-g/_/A-6009217866199?isFromPLP=true,Meat_Poultry_Fish,2024-04-13
https://www.woolworths.co.za/prod/Food/Frozen-Food/Frozen-Tempura-Hake-Nuggets-400-g/_/A-6009223970385?isFromPLP=true,Meat_Poultry_Fish,2024-04-13
https://www.woolworths.co.za/prod/Food/Meat-Poultry-Fish/Beef/Steaks/Halaal-Seasoned-Beef-Rump-Steaks-Avg-300-g/_/A-2082870000005?isFromPLP=true,Meat_Poultry_Fish,2024-04-13
https://www.woolworths.co.za/prod/Food/Meat-Poultry-Fish/Lamb/Chops/Free-Range-Leg-of-Lamb-Chops-Avg-900-g/_/A-2565500000007?isFromPLP=true,Meat_Poultry_Fish,2024-04-13
https://www.woolworths.co.za/prod/Food/Promotions/Buy-2-Or-More-And-Save/Buy-any-2-Save-20-/Plant-Based-Promo/PlantLove-Paneer-350-g/_/A-6009226084508?isFromPLP=true,Meat_Poultry_Fish,2024-04-13
https://www.woolworths.co.za/prod/Food/Meat-Poultry-Fish/Fresh-Gravy-Stock-Glazes/Fresh-Free-Range-Liquid-Chicken-Stock-500-ml/_/A-6009189566226?isFromPLP=true,Meat_Poultry_Fish,2024-04-13
https://www.woolworths.co.za/prod/Food/Meat-Poultry-Fish/Poultry/Chicken-Portions-Other/Free-Range-Skinless-Chicken-Thigh-Fillets-Avg-700-g/_/A-2032880000007?isFromPLP=true,Meat_Poultry_Fish,2024-04-13
https://www.woolworths.co.za/prod/Food/Meat-Poultry-Fish/Fish-Seafood/Crumbed-Hake-Fillets-Avg-700-g/_/A-2574260000004?isFromPLP=true,Meat_Poultry_Fish,2024-04-13
https://www.woolworths.co.za/prod/Food/Meat-Poultry-Fish/Boerewors-Sausages/Free-Range-Beef-Boerewors-Portions-750-g/_/A-6009217632756?isFromPLP=true,Meat_Poultry_Fish,2024-04-13
https://www.woolworths.co.za/prod/Food/Promotions/Buy-2-Or-More-And-Save/Buy-any-2-Save-20-/Protein-Seasoned-Steaks/Smokey-BBQ-Free-Range-Duck-Breast-Steaks-Avg-450-g/_/A-2574610000005?isFromPLP=true,Meat_Poultry_Fish,2024-04-13
https://www.woolworths.co.za/prod/Food/Chocolates-Sweets-Snacks/Biltong-Droewors/Free-Range-Chicken-Crackling-Crispy-Skin-50-g/_/A-6009214775838?isFromPLP=true,Meat_Poultry_Fish,2024-04-13
https://www.woolworths.co.za/prod/Food/Meat-Poultry-Fish/Pork/Crumbed-Pork-Fillets-Avg-650-g/_/A-2572970000000?isFromPLP=true,Meat_Poultry_Fish,2024-04-13
https://www.woolworths.co.za/prod/Food/Pantry/Herbs-Spices/Salt-Pepper/Chilli-Salt-60-g/_/A-6009175048194?isFromPLP=true,Meat_Poultry_Fish,2024-04-13
https://www.woolworths.co.za/prod/Food/Meat-Poultry-Fish/Easy-Roasts-Meals/Chicken-Other-Poultry/Country-Herb-Free-Range-Chicken-with-a-Butter-Brine-Based-Blend-Avg-1-3-kg/_/A-2082150000008?isFromPLP=true,Meat_Poultry_Fish,2024-04-13
https://www.woolworths.co.za/prod/Food/Meat-Poultry-Fish/Poultry/Roasts-Whole-Chickens/Whole-Chicken-Avg-1-3-kg/_/A-2032920000004?isFromPLP=true,Meat_Poultry_Fish,2024-04-13
https://www.woolworths.co.za/prod/Food/Promotions/Buy-2-Or-More-And-Save/Buy-any-2-Save-20-/Marinated-Braai-Range/10-BBQ-Marinated-Chicken-Kebabs-1-1-kg/_/A-6009101073856?isFromPLP=true,Meat_Poultry_Fish,2024-04-13
https://www.woolworths.co.za/prod/Food/Promotions/Buy-2-Or-More-And-Save/Buy-any-2-Save-20-/Hake-desl/Bulk-Hake-Fillets-Avg-1-kg/_/A-2090300000006?isFromPLP=true,Meat_Poultry_Fish,2024-04-13
https://www.woolworths.co.za/prod/Food/Meat-Poultry-Fish/Beef/Steaks/Matured-Thick-Cut-Bone-In-Sirloin-Steak-Avg-600-g/_/A-2566170000007?isFromPLP=true,Meat_Poultry_Fish,2024-04-13
https://www.woolworths.co.za/prod/Food/Meat-Poultry-Fish/Poultry/Chicken-Thighs-Avg-500-g/_/A-2084880000006?isFromPLP=true,Meat_Poultry_Fish,2024-04-13
https://www.woolworths.co.za/prod/Food/Frozen-Food/Fish-Seafood/Frozen-Lightly-Dusted-Cajun-Hake-Portions-450-g/_/A-6009223371441?isFromPLP=true,Meat_Poultry_Fish,2024-04-13
https://www.woolworths.co.za/prod/Food/Food-Basket/WRewards-Green/Free-Range-Whole-Chicken-Avg-1-3-kg/_/A-2031580000003?isFromPLP=true,Meat_Poultry_Fish,2024-04-13
https://www.woolworths.co.za/prod/Food/Promotions/Buy-2-Or-More-And-Save/Buy-any-2-Save-20-/Protein-Seasoned-Steaks/2-Moroccan-Rib-Eye-Pork-Steaks-Avg-300-g/_/A-2563020000002?isFromPLP=true,Meat_Poultry_Fish,2024-04-13
https://www.woolworths.co.za/prod/Food/Meat-Poultry-Fish/Beef/Offal-Others/Beef-Ox-Liver-Avg-500-g/_/A-2005540000006?isFromPLP=true,Meat_Poultry_Fish,2024-04-13
https://www.woolworths.co.za/prod/Food/Frozen-Food/Fish-Seafood/Frozen-Norwegian-Salmon-Portions-400-g/_/A-6001009028983?isFromPLP=true,Meat_Poultry_Fish,2024-04-13
https://www.woolworths.co.za/prod/Food/Meat-Poultry-Fish/Beef/Steaks/Barbeque-Sirloin-Beef-Steaks-Avg-300-g/_/A-2071920000003?isFromPLP=true,Meat_Poultry_Fish,2024-04-13
https://www.woolworths.co.za/prod/Food/Meat-Poultry-Fish/Beef/Cuts/Halaal-Free-Range-Stewing-Beef-Avg-1-7-kg/_/A-2084400000004?isFromPLP=true,Meat_Poultry_Fish,2024-04-13
https://www.woolworths.co.za/prod/Food/Meat-Poultry-Fish/Easy-Roasts-Meals/Beef/Slow-Cooked-Beef-Short-Ribs-Avg-1-kg/_/A-2561840000004?isFromPLP=true,Meat_Poultry_Fish,2024-04-13
https://www.woolworths.co.za/prod/Food/Meat-Poultry-Fish/Boerewors-Sausages/Free-Range-Venison-Sausage-Avg-400-g/_/A-2573480000009?isFromPLP=true,Meat_Poultry_Fish,2024-04-13
https://www.woolworths.co.za/prod/Food/Pantry/Condiments-Sauces-Pastes/Marinades-Braai-Sauces/Smokey-BBQ-Braai-Marinade-750-ml/_/A-20165888?isFromPLP=true,Meat_Poultry_Fish,2024-04-13
https://www.woolworths.co.za/prod/Food/Meat-Poultry-Fish/Poultry/Chicken-Portions-Other/Chicken-Drumsticks-Avg-800-g/_/A-2084890000003?isFromPLP=true,Meat_Poultry_Fish,2024-04-13
https://www.woolworths.co.za/prod/Food/Meat-Poultry-Fish/Poultry/Southern-Fried-Chicken-Winglets-Drumettes-Avg-500-g/_/A-2581020000006?isFromPLP=true,Meat_Poultry_Fish,2024-04-13
https://www.woolworths.co.za/prod/Food/Meat-Poultry-Fish/Poultry/Duck-Turkey/Free-Range-Duck-Legs-Avg-400-g/_/A-2095690000001?isFromPLP=true,Meat_Poultry_Fish,2024-04-13
https://www.woolworths.co.za/prod/Food/Meat-Poultry-Fish/Beef/Beef-Short-Rib-Avg-800-g/_/A-2029990000003?isFromPLP=true,Meat_Poultry_Fish,2024-04-13
https://www.woolworths.co.za/prod/Food/Meat-Poultry-Fish/Beef/Angus-Wagyu/Wagyu-Thin-Boerewors-Avg-350-g/_/A-2575770000003?isFromPLP=true,Meat_Poultry_Fish,2024-04-13
https://www.woolworths.co.za/prod/Food/Meat-Poultry-Fish/Boerewors-Sausages/Beef-Sizzlers-450-g/_/A-6009217484881?isFromPLP=true,Meat_Poultry_Fish,2024-04-13
https://www.woolworths.co.za/prod/Food/Frozen-Food/Fish-Seafood/Frozen-Cooked-Shell-On-Large-Prawns-500-g/_/A-6009195975401?isFromPLP=true,Meat_Poultry_Fish,2024-04-13
https://www.woolworths.co.za/prod/Food/Meat-Poultry-Fish/Poultry/Crumbed/Crumbed-Chicken-Breast-Fillets-Avg-530-g/_/A-2034200000001?isFromPLP=true,Meat_Poultry_Fish,2024-04-13
https://www.woolworths.co.za/prod/Food/Chocolates-Sweets-Snacks/Biltong-Droewors/Original-Angus-Beef-Dro-wors-Nibbles-400-g/_/A-6009217866175?isFromPLP=true,Meat_Poultry_Fish,2024-04-13
https://www.woolworths.co.za/prod/Food/Chocolates-Sweets-Snacks/Biltong-Droewors/Beef/Original-Angus-Beef-Sliced-Biltong-35-g/_/A-6009223162254?isFromPLP=true,Meat_Poultry_Fish,2024-04-13
https://www.woolworths.co.za/prod/Food/Meat-Poultry-Fish/Lamb/Mince-Meatballs/Lamb-Frikkadels-600-g/_/A-6005000069938?isFromPLP=true,Meat_Poultry_Fish,2024-04-13
https://www.woolworths.co.za/prod/Food/Meat-Poultry-Fish/Pork/Chops-Other/Pork-Rashers-Avg-400-g/_/A-2089410000006?isFromPLP=true,Meat_Poultry_Fish,2024-04-13
https://www.woolworths.co.za/prod/Food/Meat-Poultry-Fish/Venison-Duck-Ostrich/Ostrich-Cubes-500-g/_/A-20167783?isFromPLP=true,Meat_Poultry_Fish,2024-04-13
https://www.woolworths.co.za/prod/Food/Meat-Poultry-Fish/Pork/Roasts/Pork-Fillet-Avg-400-g/_/A-2004890000001?isFromPLP=true,Meat_Poultry_Fish,2024-04-13
https://www.woolworths.co.za/prod/Food/Pantry/Herbs-Spices/Rubs/Barbeque-Rub-75-g/_/A-6009207762067?isFromPLP=true,Meat_Poultry_Fish,2024-04-13
https://www.woolworths.co.za/prod/Food/Meat-Poultry-Fish/Poultry/Stuffed-Patagonian-Squid-Tubes-700-g/_/A-6009233275975?isFromPLP=true,Meat_Poultry_Fish,2024-04-13
https://www.woolworths.co.za/prod/Food/Braai-Shop/Plant-Based-Braai/PlantLove-English-Style-Soya-Sizzlers-330-g/_/A-6009226150951?isFromPLP=true,Meat_Poultry_Fish,2024-04-13
https://www.woolworths.co.za/prod/Food/Meat-Poultry-Fish/Beef/Angus-Wagyu/Wagyu-Beef-Mince-500-g/_/A-6009223531906?isFromPLP=true,Meat_Poultry_Fish,2024-04-13
https://www.woolworths.co.za/prod/Food/Meat-Poultry-Fish/Poultry/Duck-Turkey/Free-Range-Duck-Breasts-Avg-400-g/_/A-2029620000007?isFromPLP=true,Meat_Poultry_Fish,2024-04-13
https://www.woolworths.co.za/prod/Food/Meat-Poultry-Fish/Mince-Meatballs/Extra-Lean-Beef-Mince-500-g/_/A-20145064?isFromPLP=true,Meat_Poultry_Fish,2024-04-13
https://www.woolworths.co.za/prod/Food/Meat-Poultry-Fish/Poultry/Kebabs-Espetadas/6-Sweet-Chilli-Marinated-Chicken-Kebabs-650-g/_/A-20106485?isFromPLP=true,Meat_Poultry_Fish,2024-04-13
https://www.woolworths.co.za/prod/Food/Meat-Poultry-Fish/Crumbed-Meat-Poultry-Fish/Free-Range-Crumbed-Chicken-Nuggets-Avg-400-g/_/A-2580850000002?isFromPLP=true,Meat_Poultry_Fish,2024-04-13
https://www.woolworths.co.za/prod/Food/Meat-Poultry-Fish/Lamb/Mince-Meatballs/Our-Ultimate-Free-Range-Lamb-Burgers-4-pk/_/A-6007875744675?isFromPLP=true,Meat_Poultry_Fish,2024-04-13
https://www.woolworths.co.za/prod/Food/Chocolates-Sweets-Snacks/Biltong-Droewors/Beef/Original-Free-Range-Beef-Biltong-Powder-80-g/_/A-6009204182448?isFromPLP=true,Meat_Poultry_Fish,2024-04-13
https://www.woolworths.co.za/prod/Food/Meat-Poultry-Fish/Pork/Chops-Other/Pork-Lean-Mince-500-g/_/A-6005000537352?isFromPLP=true,Meat_Poultry_Fish,2024-04-13
https://www.woolworths.co.za/prod/Food/Meat-Poultry-Fish/Burgers/Wagyu-Beef-Burgers-680-g/_/A-6009223531913?isFromPLP=true,Meat_Poultry_Fish,2024-04-13
https://www.woolworths.co.za/prod/Food/Meat-Poultry-Fish/Poultry/Marinated-Braai/Salsa-Marinated-Free-Range-Chicken-Breast-Fillets-750-g/_/A-6009226820083?isFromPLP=true,Meat_Poultry_Fish,2024-04-13
https://www.woolworths.co.za/prod/Food/Frozen-Food/Fish-Seafood/Fish-Portions/Freshly-Frozen-Hake-Fillets-600-g/_/A-20012052?isFromPLP=true,Meat_Poultry_Fish,2024-04-13
https://www.woolworths.co.za/prod/Food/Ready-Meals/Plant-Based-Meals/Frozen-PlantLove-Soya-Rounds-320-g/_/A-6009217300488?isFromPLP=true,Meat_Poultry_Fish,2024-04-13
https://www.woolworths.co.za/prod/Food/Meat-Poultry-Fish/Braai/Sweet-Sticky-Pork-Loin-Ribs-Avg-1-kg/_/A-2570890000001?isFromPLP=true,Meat_Poultry_Fish,2024-04-13
https://www.woolworths.co.za/prod/Food/Meat-Poultry-Fish/Fish-Seafood/Coated/Crumbed-Snoek-Fish-Cakes-6-pk/_/A-6009182307307?isFromPLP=true,Meat_Poultry_Fish,2024-04-13
https://www.woolworths.co.za/prod/Food/Promotions/Buy-2-Or-More-And-Save/Buy-any-2-Save-20-/Braai-Deal/Hot-Chicken-Wings-Avg-850-g/_/A-2579920000004?isFromPLP=true,Meat_Poultry_Fish,2024-04-13
https://www.woolworths.co.za/prod/Food/Pantry/Herbs-Spices/Rubs/Steak-Rub-80-g/_/A-6009171929725?isFromPLP=true,Meat_Poultry_Fish,2024-04-13
https://www.woolworths.co.za/prod/Food/Meat-Poultry-Fish/Lamb/Cuts-Other/Halaal-Free-Range-Stewing-Lamb-Avg-750-g/_/A-2570660000002?isFromPLP=true,Meat_Poultry_Fish,2024-04-13
https://www.woolworths.co.za/prod/Food/Meat-Poultry-Fish/Fish-Seafood/Shellfish/Blanched-Prawns-with-Garlic-Butter-450-g/_/A-6009204079076?isFromPLP=true,Meat_Poultry_Fish,2024-04-13
https://www.woolworths.co.za/prod/Food/Meat-Poultry-Fish/Poultry/Crumbed/Crumbed-Chicken-Breast-Fillets-Avg-900-g/_/A-2034170000001?isFromPLP=true,Meat_Poultry_Fish,2024-04-13
https://www.woolworths.co.za/prod/Food/Frozen-Food/Fish-Seafood/Frozen-Trout-Burgers-6-pk/_/A-6009217436514?isFromPLP=true,Meat_Poultry_Fish,2024-04-13
https://www.woolworths.co.za/prod/Online-Feature/Content/Supporting-Sustainability/Sustainably-Sourced-Fish/Frozen-Lemon-Herb-Rainbow-Trout-Portions-400-g/_/A-6005000459616?isFromPLP=true,Meat_Poultry_Fish,2024-04-13
https://www.woolworths.co.za/prod/Food/Meat-Poultry-Fish/Poultry/Free-Range-Skinless-Chicken-Breast-Fillets-Avg-1-7-kg/_/A-2581180000007?isFromPLP=true,Meat_Poultry_Fish,2024-04-13
https://www.woolworths.co.za/prod/Food/Meat-Poultry-Fish/Fish-Seafood/Whole-Fish-Portions/Lightly-Smoked-Rainbow-Trout-250-g/_/A-6009207839301?isFromPLP=true,Meat_Poultry_Fish,2024-04-13
https://www.woolworths.co.za/prod/Food/Meat-Poultry-Fish/Beef/Angus-Beef-Denver-Steak-Avg-400-g/_/A-2575660000007?isFromPLP=true,Meat_Poultry_Fish,2024-04-13
https://www.woolworths.co.za/prod/Food/Meat-Poultry-Fish/Beef/Steaks/Seasoned-Rump-Beef-Steak-Avg-300-g/_/A-2064680000000?isFromPLP=true,Meat_Poultry_Fish,2024-04-13
https://www.woolworths.co.za/prod/Food/Chocolates-Sweets-Snacks/Biltong-Droewors/Free-Range-Smoked-Beef-Dro-wors-150-g/_/A-6009214470153?isFromPLP=true,Meat_Poultry_Fish,2024-04-13
https://www.woolworths.co.za/prod/Food/Meat-Poultry-Fish/Fish-Seafood/Whole-Fish-Portions/Fresh-Never-Frozen-Salmon-Portion-150-g/_/A-6009211171329?isFromPLP=true,Meat_Poultry_Fish,2024-04-13
https://www.woolworths.co.za/prod/Food/Chocolates-Sweets-Snacks/Biltong-Droewors/Beef/Original-Beef-Dro-wors-150-g/_/A-20077822?isFromPLP=true,Meat_Poultry_Fish,2024-04-13
https://www.woolworths.co.za/prod/Food/Meat-Poultry-Fish/Fish-Seafood/Whole-Fish-Portions/Hake-Portions-300-g/_/A-6009214505367?isFromPLP=true,Meat_Poultry_Fish,2024-04-13
https://www.woolworths.co.za/prod/Food/Meat-Poultry-Fish/Fish-Seafood/Whole-Fish-Portions/Lightly-Smoked-Mackerel-Fillets-Avg-240-g/_/A-2080290000001?isFromPLP=true,Meat_Poultry_Fish,2024-04-13
https://www.woolworths.co.za/prod/Food/Promotions/Buy-2-Or-More-And-Save/Save-R20/Hake-Schnitzel/Crumbed-Hake-Schnitzels-Avg-500-g/_/A-2573060000009?isFromPLP=true,Meat_Poultry_Fish,2024-04-13
https://www.woolworths.co.za/prod/Food/Meat-Poultry-Fish/Beef/Steaks/Pepper-Crusted-Beef-Fillet-Avg-800-g/_/A-2067840000001?isFromPLP=true,Meat_Poultry_Fish,2024-04-13
https://www.woolworths.co.za/prod/Food/Meat-Poultry-Fish/Poultry/Chicken-Portions-Other/Skinless-Chicken-Thigh-Fillets-Avg-700-g/_/A-2024980000001?isFromPLP=true,Meat_Poultry_Fish,2024-04-13
https://www.woolworths.co.za/prod/Food/Meat-Poultry-Fish/Fish-Seafood/Whole-Fish-Portions/Lightly-Smoked-Haddock-Fillet-Avg-300-g/_/A-2034470000008?isFromPLP=true,Meat_Poultry_Fish,2024-04-13
https://www.woolworths.co.za/prod/Food/Promotions/Buy-2-Or-More-And-Save/Buy-any-2-Save-20-/Plant-Based-Promo/PlantLove-Tofu-350-g/_/A-6009226084515?isFromPLP=true,Meat_Poultry_Fish,2024-04-13
https://www.woolworths.co.za/prod/Food/Meat-Poultry-Fish/Braai/Seafood/Angelfish-with-Lemon-Parsley-Garlic-Sauce-Avg-300-g/_/A-2562740000002?isFromPLP=true,Meat_Poultry_Fish,2024-04-13
https://www.woolworths.co.za/prod/Food/Promotions/Buy-2-Or-More-And-Save/Buy-any-2-Save-20-/Plant-Based-Promo/PlantLove-Tempeh-220-g/_/A-6009226084492?isFromPLP=true,Meat_Poultry_Fish,2024-04-13
https://www.woolworths.co.za/prod/Food/Meat-Poultry-Fish/Braai/Free-Range-Lamb-Ribbetjies-Avg-600-g/_/A-2031710000002?isFromPLP=true,Meat_Poultry_Fish,2024-04-13
https://www.woolworths.co.za/prod/Food/Meat-Poultry-Fish/Biltong-Droewors/Original-Free-Range-Sliced-Venison-Biltong-35-g/_/A-6009217580354?isFromPLP=true,Meat_Poultry_Fish,2024-04-13
https://www.woolworths.co.za/prod/Food/Meat-Poultry-Fish/Fish-Seafood/Coated/Crumbed-Hake-Steaklets-450-g/_/A-20194604?isFromPLP=true,Meat_Poultry_Fish,2024-04-13
https://www.woolworths.co.za/prod/Food/Meat-Poultry-Fish/Beef/Free-Range-Beef-Cubes-Avg-500-g/_/A-2033650000005?isFromPLP=true,Meat_Poultry_Fish,2024-04-13
https://www.woolworths.co.za/prod/Food/Meat-Poultry-Fish/Mince-Meatballs/Extra-Lean-Beef-Mince-1-kg/_/A-20145095?isFromPLP=true,Meat_Poultry_Fish,2024-04-13
https://www.woolworths.co.za/prod/Online-Feature/Recipes/Spinach-avo-and-basil-dip/Cajun-Seasoning-130-g/_/A-6009175383516?isFromPLP=true,Meat_Poultry_Fish,2024-04-13
https://www.woolworths.co.za/prod/Food/Frozen-Food/Fish-Seafood/Frozen-Crispy-Tempura-Battered-Hake-Burgers-600-g/_/A-6009189725050?isFromPLP=true,Meat_Poultry_Fish,2024-04-13
https://www.woolworths.co.za/prod/Food/Meat-Poultry-Fish/Poultry/Chicken-Portions-Other/Free-Range-Skinless-Chicken-Breast-8-pk/_/A-2084860000002?isFromPLP=true,Meat_Poultry_Fish,2024-04-13
https://www.woolworths.co.za/prod/Food/Meat-Poultry-Fish/Poultry/Chicken-Portions-Other/Skinless-Chicken-Breast-Avg-450-g/_/A-2084920000003?isFromPLP=true,Meat_Poultry_Fish,2024-04-13
https://www.woolworths.co.za/prod/Food/Meat-Poultry-Fish/Poultry/Free-Range-Chicken-Stock-Chunks-Avg-800-g/_/A-2580040000003?isFromPLP=true,Meat_Poultry_Fish,2024-04-13
https://www.woolworths.co.za/prod/Food/Meat-Poultry-Fish/Easy-Roasts-Meals/Chicken-Other-Poultry/Free-Range-Confit-Duck-Legs-Avg-900-g/_/A-2097140000005?isFromPLP=true,Meat_Poultry_Fish,2024-04-13
https://www.woolworths.co.za/prod/Food/Promotions/Buy-2-Or-More-And-Save/Buy-any-2-Save-20-/Sausages-Bangers/Pork-Bacon-Cheese-Bangers-500-g/_/A-6009178236888?isFromPLP=true,Meat_Poultry_Fish,2024-04-13
https://www.woolworths.co.za/prod/Food/Meat-Poultry-Fish/Poultry/Marinated-Braai/Tikka-Marinated-Free-Range-Chicken-Breast-Fillets-750-g/_/A-6009226820090?isFromPLP=true,Meat_Poultry_Fish,2024-04-13
https://www.woolworths.co.za/prod/Food/Meat-Poultry-Fish/Beef/Steaks/Matured-Thick-Cut-T-Bone-Steak-Avg-600-g/_/A-2566180000004?isFromPLP=true,Meat_Poultry_Fish,2024-04-13
https://www.woolworths.co.za/prod/Food/Meat-Poultry-Fish/Poultry/Chicken-Stew-1-5-kg/_/A-6009233357954?isFromPLP=true,Meat_Poultry_Fish,2024-04-13
https://www.woolworths.co.za/prod/Food/Meat-Poultry-Fish/Burgers/Halaal-Thick-Free-Range-Beef-Burgers-8-pk/_/A-6009178037775?isFromPLP=true,Meat_Poultry_Fish,2024-04-13
https://www.woolworths.co.za/prod/Food/Meat-Poultry-Fish/Poultry/Spicy-Southern-Fried-Chicken-Wings-Avg-400-g/_/A-2581030000003?isFromPLP=true,Meat_Poultry_Fish,2024-04-13
https://www.woolworths.co.za/prod/Food/Meat-Poultry-Fish/Mince-Meatballs/Halaal-Lean-Beef-Mince-500-g/_/A-6001009032447?isFromPLP=true,Meat_Poultry_Fish,2024-04-13
https://www.woolworths.co.za/prod/Food/Meat-Poultry-Fish/Biltong-Droewors/Free-Range-Chilli-Beef-Sliced-Biltong-150-g/_/A-6009207681849?isFromPLP=true,Meat_Poultry_Fish,2024-04-13
https://www.woolworths.co.za/prod/Food/Meat-Poultry-Fish/Boerewors-Sausages/Pork-Sizzlers-450-g/_/A-6009217484898?isFromPLP=true,Meat_Poultry_Fish,2024-04-13
https://www.woolworths.co.za/prod/Food/Meat-Poultry-Fish/Poultry/Crumbed/Crumbed-Free-Range-Chicken-Schnitzels-Avg-700-g/_/A-2097370000004?isFromPLP=true,Meat_Poultry_Fish,2024-04-13
https://www.woolworths.co.za/prod/Food/Meat-Poultry-Fish/Boerewors-Sausages/Chicken-Bangers-400-g/_/A-20098209?isFromPLP=true,Meat_Poultry_Fish,2024-04-13
https://www.woolworths.co.za/prod/Food/Meat-Poultry-Fish/Crumbed-Meat-Poultry-Fish/Lightly-Dusted-Crumbed-Spicy-Mini-Chicken-Breast-Fillets-Avg-400-g/_/A-2080230000009?isFromPLP=true,Meat_Poultry_Fish,2024-04-13
https://www.woolworths.co.za/prod/Online-Feature/Recipes/The-braai-life/Steak-and-Chops-Grind-220-g/_/A-6009175257428?isFromPLP=true,Meat_Poultry_Fish,2024-04-13
https://www.woolworths.co.za/prod/Food/Promotions/Buy-2-Or-More-And-Save/Save-10-/Buy-6-Bulk-Meats-Save-10-/Pork-Loin-Chops-Avg-650-g/_/A-2004980000003?isFromPLP=true,Meat_Poultry_Fish,2024-04-13
https://www.woolworths.co.za/prod/Food/Meat-Poultry-Fish/Easy-Roasts-Meals/Fish-Shellfish/Lightly-Smoked-Haddock-Bake-700-g/_/A-6009233275999?isFromPLP=true,Meat_Poultry_Fish,2024-04-13
https://www.woolworths.co.za/prod/Food/Meat-Poultry-Fish/Fish-Seafood/Whole-Fish-Portions/Kingklip-Portions-500-g/_/A-6009182190633?isFromPLP=true,Meat_Poultry_Fish,2024-04-13
https://www.woolworths.co.za/prod/Food/Meat-Poultry-Fish/Biltong-Droewors/Bulk-Original-Free-Range-Sliced-Beef-Biltong-400-g/_/A-6009195715458?isFromPLP=true,Meat_Poultry_Fish,2024-04-13
https://www.woolworths.co.za/prod/Food/Meat-Poultry-Fish/Poultry/Shisanyama-Style-Spiced-Chicken-Portions-Avg-1-2-kg/_/A-2579060000001?isFromPLP=true,Meat_Poultry_Fish,2024-04-13
https://www.woolworths.co.za/prod/Food/Meat-Poultry-Fish/Poultry/Kebabs-Espetadas/2-Free-Range-Sundried-Tomato-Chicken-Espetadas-Avg-800-g/_/A-2093340000005?isFromPLP=true,Meat_Poultry_Fish,2024-04-13
https://www.woolworths.co.za/prod/Food/Frozen-Food/Fish-Seafood/Frozen-Tempura-Hake-Portions-600-g/_/A-20012199?isFromPLP=true,Meat_Poultry_Fish,2024-04-13
https://www.woolworths.co.za/prod/Food/Meat-Poultry-Fish/Mince-Meatballs/Chicken-Frikkadels-with-Mature-Cheddar-12-pk/_/A-6009217577552?isFromPLP=true,Meat_Poultry_Fish,2024-04-13
https://www.woolworths.co.za/prod/Food/Meat-Poultry-Fish/Boerewors-Sausages/Pork-Bangers-1-kg/_/A-20076412?isFromPLP=true,Meat_Poultry_Fish,2024-04-13
https://www.woolworths.co.za/prod/Food/Meat-Poultry-Fish/Poultry/Harissa-Chicken-Casserole-1-2-kg/_/A-6009233360398?isFromPLP=true,Meat_Poultry_Fish,2024-04-13
https://www.woolworths.co.za/prod/Food/Meat-Poultry-Fish/Poultry/Chicken-Portions-Other/Free-Range-Chicken-Drumstick-Fillets-Avg-800-g/_/A-2563090000001?isFromPLP=true,Meat_Poultry_Fish,2024-04-13
https://www.woolworths.co.za/prod/Food/Promotions/Buy-2-Or-More-And-Save/Buy-any-2-Save-20-/Easy-To-Cook-Protein-Roast-Deal/Pork-Fillet-with-an-Apple-Pecorino-Stuffing-Avg-800-g/_/A-2574590000002?isFromPLP=true,Meat_Poultry_Fish,2024-04-13
https://www.woolworths.co.za/prod/Food/Meat-Poultry-Fish/Lamb/Chops/Halaal-Free-Range-Leg-of-Lamb-Chops-Avg-1-kg/_/A-2570920000001?isFromPLP=true,Meat_Poultry_Fish,2024-04-13
https://www.woolworths.co.za/prod/Food/Promotions/Buy-2-Or-More-And-Save/Buy-any-2-Save-20-/Sausages-And-Bangers/Free-Range-Spinach-Feta-Chicken-Sausage-400-g/_/A-6009101178643?isFromPLP=true,Meat_Poultry_Fish,2024-04-13
https://www.woolworths.co.za/prod/Food/Meat-Poultry-Fish/Biltong-Droewors/Original-Angus-Beef-Dro-wors-35-g/_/A-6009223162247?isFromPLP=true,Meat_Poultry_Fish,2024-04-13
https://www.woolworths.co.za/prod/Food/Meat-Poultry-Fish/Poultry/Chicken-Portions-Other/Free-Range-Chicken-Drumsticks-Avg-1-7-kg/_/A-2099650000001?isFromPLP=true,Meat_Poultry_Fish,2024-04-13
https://www.woolworths.co.za/prod/Online-Feature/Recipes/Free-Range-Braai/Free-Range-Chicken-Drumsticks-Thighs-Avg-1-9-kg/_/A-2024220000006?isFromPLP=true,Meat_Poultry_Fish,2024-04-13
https://www.woolworths.co.za/prod/Food/Meat-Poultry-Fish/Fish-Seafood/Coated/Melting-Middle-Crumbed-Salmon-Creamy-Chive-Fishcakes-280-g/_/A-6008000837927?isFromPLP=true,Meat_Poultry_Fish,2024-04-13
https://www.woolworths.co.za/prod/Food/Meat-Poultry-Fish/Beef/Offal-Others/Beef-Bones-Avg-1-kg/_/A-2029810000008?isFromPLP=true,Meat_Poultry_Fish,2024-04-13
https://www.woolworths.co.za/prod/Food/Meat-Poultry-Fish/Poultry/Chicken-Portions-Other/Chicken-Wings-Avg-560-g/_/A-2084870000009?isFromPLP=true,Meat_Poultry_Fish,2024-04-13
https://www.woolworths.co.za/prod/Food/Meat-Poultry-Fish/Plant-Based-Protein/Beyond-Rounds-Plant-Based-Rounds-2-pk/_/A-1230000068109?isFromPLP=true,Meat_Poultry_Fish,2024-04-13
https://www.woolworths.co.za/prod/Food/Meat-Poultry-Fish/Burgers/Free-Range-Venison-Thick-Burger-Patties-800-g/_/A-6009217580422?isFromPLP=true,Meat_Poultry_Fish,2024-04-13
https://www.woolworths.co.za/prod/Food/Meat-Poultry-Fish/Beef/Steaks/Free-Range-Matured-Thick-Cut-Beef-Rump-Steak-Avg-700-g/_/A-2033620000004?isFromPLP=true,Meat_Poultry_Fish,2024-04-13
https://www.woolworths.co.za/prod/Food/Meat-Poultry-Fish/Lamb/Roasts/Free-Range-Spiced-Rack-of-Lamb-Avg-850-g/_/A-2008310000008?isFromPLP=true,Meat_Poultry_Fish,2024-04-13
https://www.woolworths.co.za/prod/Food/Meat-Poultry-Fish/Lamb/Ribs-Kebabs/Free-Range-Lamb-Sosatie-Kebabs-650-g/_/A-6009182250221?isFromPLP=true,Meat_Poultry_Fish,2024-04-13
https://www.woolworths.co.za/prod/Food/Meat-Poultry-Fish/Beef/Roasts/Halaal-Pepper-Crusted-Beef-Fillet-Avg-700-g/_/A-2574470000009?isFromPLP=true,Meat_Poultry_Fish,2024-04-13
https://www.woolworths.co.za/prod/Food/Meat-Poultry-Fish/Pork/Chops-Other/Bulk-Pork-Braai-Chops-Avg-1-5-kg/_/A-2572960000003?isFromPLP=true,Meat_Poultry_Fish,2024-04-13
https://www.woolworths.co.za/prod/Food/Meat-Poultry-Fish/Poultry/Chicken-Portions-Other/Free-Range-Chicken-Portions-Avg-3-kg/_/A-2571480000005?isFromPLP=true,Meat_Poultry_Fish,2024-04-13
https://www.woolworths.co.za/prod/Food/Promotions/Buy-2-Or-More-And-Save/Buy-any-2-Save-20-/Easy-To-Cook-Range/Cheese-Jalape-o-Topped-Chicken-Breast-Fillets-800-g/_/A-6009226483943?isFromPLP=true,Meat_Poultry_Fish,2024-04-13
https://www.woolworths.co.za/prod/Food/Chocolates-Sweets-Snacks/Biltong-Droewors/Beef/Original-Beef-Biltong-Snapsticks-150-g/_/A-20047962?isFromPLP=true,Meat_Poultry_Fish,2024-04-13
https://www.woolworths.co.za/prod/Easter/Promotions/WR-Buy-Any-2-Save-25-on-Easy-Meals-Roasts/Beef-Lamb-Pork-Oxtail/Slow-Cooked-Oxtail-Avg-1-2-kg/_/A-2083160000002?isFromPLP=true,Meat_Poultry_Fish,2024-04-13
https://www.woolworths.co.za/prod/Food/Meat-Poultry-Fish/Poultry/Whole-Chicken-with-a-Butter-Brine-Based-Blend-Avg-1-5-kg/_/A-2579070000008?isFromPLP=true,Meat_Poultry_Fish,2024-04-13
https://www.woolworths.co.za/prod/Food/Meat-Poultry-Fish/Lamb/Chops/Free-Range-Lamb-Rib-Chops-Avg-500-g/_/A-2004730000000?isFromPLP=true,Meat_Poultry_Fish,2024-04-13
https://www.woolworths.co.za/prod/Food/Frozen-Food/Fish-Seafood/Frozen-Panko-Crumbed-Hake-Portions-550-g/_/A-6009214950792?isFromPLP=true,Meat_Poultry_Fish,2024-04-13
https://www.woolworths.co.za/prod/Food/Meat-Poultry-Fish/Poultry/Chicken-Portions-Other/Chicken-Rashers-250-g/_/A-20098186?isFromPLP=true,Meat_Poultry_Fish,2024-04-13
https://www.woolworths.co.za/prod/Food/Food-Basket/Banners/For-the-Airfryer/Meat-Fish-Poultry/Poultry/Southern-Fried-Chicken-Steaks-Avg-800-g/_/A-2579250000002?isFromPLP=true,Meat_Poultry_Fish,2024-04-13
https://www.woolworths.co.za/prod/Food/Meat-Poultry-Fish/Bacon-Other-Smoked/Other-Smoked/Kassler-Pork-Chops-Avg-400-g/_/A-2034310000007?isFromPLP=true,Meat_Poultry_Fish,2024-04-13
https://www.woolworths.co.za/prod/Food/Pantry/Condiments-Sauces-Pastes/Marinades-Braai-Sauces/Original-BBQ-Braai-Marinade-750-ml/_/A-6001009005847?isFromPLP=true,Meat_Poultry_Fish,2024-04-13
https://www.woolworths.co.za/prod/Food/Meat-Poultry-Fish/Boerewors-Sausages/Grabouw-Boerewors-Avg-600-g/_/A-2060990000006?isFromPLP=true,Meat_Poultry_Fish,2024-04-13
https://www.woolworths.co.za/prod/Food/Meat-Poultry-Fish/Lamb/Cuts-Other/Free-Range-Salt-Black-Pepper-Lamb-Tails-Avg-600-g/_/A-2572230000009?isFromPLP=true,Meat_Poultry_Fish,2024-04-13
https://www.woolworths.co.za/prod/Food/Meat-Poultry-Fish/Biltong-Droewors/Original-Angus-Beef-Snapsticks-400-g/_/A-6009217866205?isFromPLP=true,Meat_Poultry_Fish,2024-04-13
https://www.woolworths.co.za/prod/Food/Frozen-Food/Fish-Seafood/Freshly-Frozen-Hake-Medallions-450-g/_/A-6005000415087?isFromPLP=true,Meat_Poultry_Fish,2024-04-13
https://www.woolworths.co.za/prod/Food/Braai-Shop/Plant-Based-Braai/Beyond-Links-Plant-Based-Links-2-x-100-g/_/A-1230000068123?isFromPLP=true,Meat_Poultry_Fish,2024-04-13
https://www.woolworths.co.za/prod/Food/Ready-Meals/Plant-Based-Meals/PlantLove-Crumbed-Savoury-Soya-Bites-160-g/_/A-6009214014722?isFromPLP=true,Meat_Poultry_Fish,2024-04-13
https://www.woolworths.co.za/prod/Food/Meat-Poultry-Fish/Beef/Steaks/Free-Range-Mature-Thick-Cut-Beef-Sirloin-Steak-Avg-600-g/_/A-2033630000001?isFromPLP=true,Meat_Poultry_Fish,2024-04-13
https://www.woolworths.co.za/prod/Food/Frozen-Food/Fish-Seafood/Fish-Portions/Frozen-Cape-Whiting-Portions-500-g/_/A-20064143?isFromPLP=true,Meat_Poultry_Fish,2024-04-13
https://www.woolworths.co.za/prod/Online-Feature/Recipes/Raise-you-flavour-game/Za-atar-Blend-45-g/_/A-6009182309998?isFromPLP=true,Meat_Poultry_Fish,2024-04-13
https://www.woolworths.co.za/prod/Food/Promotions/Buy-2-Or-More-And-Save/Buy-any-2-save-R30/Lightly-Smoked-Trout-And-Lightly-Smoked-Salmon-250g/Lightly-Smoked-Norwegian-Salmon-250-g/_/A-6009204206496?isFromPLP=true,Meat_Poultry_Fish,2024-04-13
https://www.woolworths.co.za/prod/Food/Meat-Poultry-Fish/Bacon-Other-Smoked/Other-Smoked/Kassler-Pork-Chops-Avg-1-kg/_/A-2561530000000?isFromPLP=true,Meat_Poultry_Fish,2024-04-13
https://www.woolworths.co.za/prod/Food/Frozen-Food/Frozen-Potato-Smoked-Hake-Cheese-Stacks-4-pk/_/A-6009207984452?isFromPLP=true,Meat_Poultry_Fish,2024-04-13
https://www.woolworths.co.za/prod/Food/Meat-Poultry-Fish/Mince-Meatballs/Free-Range-Lean-Beef-Mince-500-g/_/A-6001009034151?isFromPLP=true,Meat_Poultry_Fish,2024-04-13
https://www.woolworths.co.za/prod/Food/Meat-Poultry-Fish/Poultry/Chicken-Portions-Other/Free-Range-Chicken-Drumsticks-Avg-700-g/_/A-2026000000008?isFromPLP=true,Meat_Poultry_Fish,2024-04-13
https://www.woolworths.co.za/prod/Food/Meat-Poultry-Fish/Mince-Meatballs/Free-Range-Beef-Frikkadels-12-pk/_/A-20150952?isFromPLP=true,Meat_Poultry_Fish,2024-04-13
https://www.woolworths.co.za/prod/Food/Meat-Poultry-Fish/Braai/BBQ-St-Louis-Style-Pork-Belly-Ribs-Avg-1-kg/_/A-2570870000007?isFromPLP=true,Meat_Poultry_Fish,2024-04-13
https://www.woolworths.co.za/prod/Food/Ready-Meals/Plant-Based-Meals/Vegetarian-Vegetable-Risotto-Kyivs-2-pk/_/A-6009211641235?isFromPLP=true,Meat_Poultry_Fish,2024-04-13
https://www.woolworths.co.za/prod/Food/Meat-Poultry-Fish/Lamb/Cuts-Other/Free-Range-Lamb-Liver-Avg-500-g/_/A-2570630000001?isFromPLP=true,Meat_Poultry_Fish,2024-04-13
https://www.woolworths.co.za/prod/Food/Meat-Poultry-Fish/Braai/Marinades-Spices-Rubs/Barbeque-Roasting-Kit-30-g/_/A-6009175382984?isFromPLP=true,Meat_Poultry_Fish,2024-04-13
https://www.woolworths.co.za/prod/Food/Meat-Poultry-Fish/Burgers/Sun-Dried-Tomato-Free-Range-Chicken-Burgers-800-g/_/A-6009223157045?isFromPLP=true,Meat_Poultry_Fish,2024-04-13
https://www.woolworths.co.za/prod/Food/Meat-Poultry-Fish/Fish-Seafood/Whole-Fish-Portions/Lightly-Smoked-Kippers-Avg-200-g/_/A-2033140000003?isFromPLP=true,Meat_Poultry_Fish,2024-04-13
https://www.woolworths.co.za/prod/Online-Feature/Recipes/Irresistible-side/Streaky-Wood-Smoked-Bacon-250-g/_/A-6009178801727?isFromPLP=true,Meat_Poultry_Fish,2024-04-13
https://www.woolworths.co.za/prod/Food/Meat-Poultry-Fish/Poultry/Chicken-Portions-Other/Free-Range-Skinless-Chicken-Breast-Avg-400-g/_/A-2020200000004?isFromPLP=true,Meat_Poultry_Fish,2024-04-13
https://www.woolworths.co.za/prod/Food/Meat-Poultry-Fish/Braai/Lightly-Smoked-Whole-Snoek-Avg-800-g/_/A-2065790000003?isFromPLP=true,Meat_Poultry_Fish,2024-04-13
https://www.woolworths.co.za/prod/Food/Meat-Poultry-Fish/Boerewors-Sausages/Beef-Bangers-500-g/_/A-20000400?isFromPLP=true,Meat_Poultry_Fish,2024-04-13
https://www.woolworths.co.za/prod/Food/Meat-Poultry-Fish/Beef/Steaks/Matured-Thick-Cut-Angus-Beef-Rib-Eye-Steak-Avg-600-g/_/A-2571000000003?isFromPLP=true,Meat_Poultry_Fish,2024-04-13
https://www.woolworths.co.za/prod/Food/Chocolates-Sweets-Snacks/Biltong-Droewors/Beef/Original-Angus-Beef-Dro-wors-Nibbles-150-g/_/A-6009217866182?isFromPLP=true,Meat_Poultry_Fish,2024-04-13
https://www.woolworths.co.za/prod/Online-Feature/Recipes/Good-Fats/Norwegian-Salmon-Portions-500-g/_/A-6005000430219?isFromPLP=true,Meat_Poultry_Fish,2024-04-13
https://www.woolworths.co.za/prod/Food/Meat-Poultry-Fish/Boerewors-Sausages/Free-Range-Chicken-Sausage-500-g/_/A-20184407?isFromPLP=true,Meat_Poultry_Fish,2024-04-13
https://www.woolworths.co.za/prod/Food/Meat-Poultry-Fish/Fish-Seafood/Whole-Fish-Portions/Rainbow-Trout-Portions-500-g/_/A-6009207399591?isFromPLP=true,Meat_Poultry_Fish,2024-04-13
https://www.woolworths.co.za/prod/Food/Meat-Poultry-Fish/Beef/Offal-Others/Corned-Beef-Chuck-Avg-1-3-kg/_/A-2034060000005?isFromPLP=true,Meat_Poultry_Fish,2024-04-13
https://www.woolworths.co.za/prod/Food/Promotions/Buy-2-Or-More-And-Save/Buy-any-2-Save-20-/Braai-Deal/Free-Range-Shisanyama-Style-Lamb-Riblets-Avg-600-g/_/A-2578120000005?isFromPLP=true,Meat_Poultry_Fish,2024-04-13
https://www.woolworths.co.za/prod/Food/Meat-Poultry-Fish/Fish-Seafood/Coated/Crumbed-Hake-Goujons-500-g/_/A-6009195434564?isFromPLP=true,Meat_Poultry_Fish,2024-04-13
https://www.woolworths.co.za/prod/Food/Promotions/Buy-2-Or-More-And-Save/Buy-any-2-Save-20-/Braai-Deal/Bulk-Shisanyama-Style-Free-Range-Chicken-Steaks-Avg-1-4-kg/_/A-2580760000000?isFromPLP=true,Meat_Poultry_Fish,2024-04-13
https://www.woolworths.co.za/prod/Food/Frozen-Food/Fish-Seafood/Frozen-Panko-Crumbed-Lemon-Black-Pepper-Hake-Portions-550-g/_/A-6009214950785?isFromPLP=true,Meat_Poultry_Fish,2024-04-13
https://www.woolworths.co.za/prod/Food/Meat-Poultry-Fish/Poultry/Chicken-Portions-Other/Chicken-Drumsticks-Thighs-Avg-1-8-kg/_/A-2034270000000?isFromPLP=true,Meat_Poultry_Fish,2024-04-13
https://www.woolworths.co.za/prod/Food/Frozen-Food/Fish-Seafood/Frozen-Lightly-Dusted-Hake-Portions-450-g/_/A-6009178641545?isFromPLP=true,Meat_Poultry_Fish,2024-04-13
https://www.woolworths.co.za/prod/Food/Frozen-Food/Fish-Seafood/Frozen-Teriyake-Norwegian-Salmon-Steamer-500-g/_/A-6009223003632?isFromPLP=true,Meat_Poultry_Fish,2024-04-13
https://www.woolworths.co.za/prod/Food/Meat-Poultry-Fish/Venison-Duck-Ostrich/Ostrich-Steaks-Avg-1-kg/_/A-2093310000004?isFromPLP=true,Meat_Poultry_Fish,2024-04-13
https://www.woolworths.co.za/prod/Food/Meat-Poultry-Fish/Crumbed-Meat-Poultry-Fish/Free-Range-Crumbed-Chicken-Breast-Fillets-Avg-570-g/_/A-2574680000004?isFromPLP=true,Meat_Poultry_Fish,2024-04-13
https://www.woolworths.co.za/prod/Food/Chocolates-Sweets-Snacks/Biltong-Droewors/Beef/Original-Sliced-Beef-Biltong-400-g/_/A-6009223798521?isFromPLP=true,Meat_Poultry_Fish,2024-04-13
https://www.woolworths.co.za/prod/Food/Meat-Poultry-Fish/Plant-Based-Protein/Beyond-Mini-Rounds-Plant-Based-Rounds-8-pk/_/A-1230000068505?isFromPLP=true,Meat_Poultry_Fish,2024-04-13
https://www.woolworths.co.za/prod/Food/Promotions/Buy-2-Or-More-And-Save/Buy-any-2-Save-20-/Braai-Deal/Bulk-Free-Range-Smoked-Paprika-Coriander-Chicken-Steaks-Avg-1-4-kg/_/A-2580750000003?isFromPLP=true,Meat_Poultry_Fish,2024-04-13
https://www.woolworths.co.za/prod/Food/Meat-Poultry-Fish/Braai/Marinades-Spices-Rubs/Veg-and-Potato-Seasoning-165-g/_/A-6009207762012?isFromPLP=true,Meat_Poultry_Fish,2024-04-13
https://www.woolworths.co.za/prod/Food/Meat-Poultry-Fish/Burgers/Free-Range-Beef-Burgers-680-g/_/A-6009175293594?isFromPLP=true,Meat_Poultry_Fish,2024-04-13
https://www.woolworths.co.za/prod/Food/Food-Basket/Banners/Halaal-Shop/Meat-Poultry-Fish/Spicy-Crunch-Chicken-Winglets-Drummettes-Avg-500-g/_/A-2575080000007?isFromPLP=true,Meat_Poultry_Fish,2024-04-13
https://www.woolworths.co.za/prod/Food/Meat-Poultry-Fish/Crumbed-Meat-Poultry-Fish/BBQ-Crumbed-Chicken-Schnitzels-Avg-800-g/_/A-2070780000000?isFromPLP=true,Meat_Poultry_Fish,2024-04-13
https://www.woolworths.co.za/prod/Easter/Promotions/WR-Buy-Any-2-Save-25-on-Easy-Meals-Roasts/Beef-Lamb-Pork-Oxtail/Halaal-Free-Range-Leg-of-Lamb-Avg-1-kg/_/A-2565790000008?isFromPLP=true,Meat_Poultry_Fish,2024-04-13
https://www.woolworths.co.za/prod/Food/Meat-Poultry-Fish/Bacon-Other-Smoked/Bacon/Diced-Wood-Smoked-Bacon-250-g/_/A-6009178802113?isFromPLP=true,Meat_Poultry_Fish,2024-04-13
https://www.woolworths.co.za/prod/Food/Valentines-Day/Sweets-Gifts-Treats/Original-Free-Range-Venison-Dro-wors-400-g/_/A-6009217580378?isFromPLP=true,Meat_Poultry_Fish,2024-04-13
https://www.woolworths.co.za/prod/Food/Frozen-Food/Frozen-Lemon-Dill-Half-Norwegian-Salmon-Side-500-g/_/A-6009211447707?isFromPLP=true,Meat_Poultry_Fish,2024-04-13
https://www.woolworths.co.za/prod/Food/Meat-Poultry-Fish/Boerewors-Sausages/Traditional-Ostrich-Sausage-Avg-400-g/_/A-2566400000005?isFromPLP=true,Meat_Poultry_Fish,2024-04-13
https://www.woolworths.co.za/prod/Food/Meat-Poultry-Fish/Boerewors-Sausages/Angus-Beef-Traditional-Boerewors-Avg-500-g/_/A-2573030000008?isFromPLP=true,Meat_Poultry_Fish,2024-04-13
https://www.woolworths.co.za/prod/Food/Food-Basket/WRewards-Green/Free-Range-Chicken-Wings-Avg-600-g/_/A-2021250000006?isFromPLP=true,Meat_Poultry_Fish,2024-04-13
https://www.woolworths.co.za/prod/Food/Meat-Poultry-Fish/Beef/Steaks/Matured-Thick-Cut-Beef-Rump-Steak-Avg-700-g/_/A-2028900000003?isFromPLP=true,Meat_Poultry_Fish,2024-04-13
https://www.woolworths.co.za/prod/Food/Meat-Poultry-Fish/Beef/Beef-Shin-Avg-600-g/_/A-2029830000002?isFromPLP=true,Meat_Poultry_Fish,2024-04-13
https://www.woolworths.co.za/prod/Food/Braai-Shop/Plant-Based-Braai/PlantLove-Minced-Soya-Rounds-160-g/_/A-6009214014692?isFromPLP=true,Meat_Poultry_Fish,2024-04-13
https://www.woolworths.co.za/prod/Food/Meat-Poultry-Fish/Pork/Chops-Other/Pork-Loin-Chops-Avg-1-1-kg/_/A-2565660000008?isFromPLP=true,Meat_Poultry_Fish,2024-04-13
https://www.woolworths.co.za/prod/Food/Meat-Poultry-Fish/Pork/Chops-Other/Bulk-Wood-Smoked-Back-Bacon-500-g/_/A-6009178802120?isFromPLP=true,Meat_Poultry_Fish,2024-04-13
https://www.woolworths.co.za/prod/Food/Meat-Poultry-Fish/Lamb/Chops/Halaal-Free-Range-Lamb-Rib-Chops-Avg-500-g/_/A-2570550000006?isFromPLP=true,Meat_Poultry_Fish,2024-04-13
https://www.woolworths.co.za/prod/Food/Meat-Poultry-Fish/Poultry/Chicken-Portions-Other/Free-Range-Chicken-Thighs-Avg-1-1-kg/_/A-2083490000000?isFromPLP=true,Meat_Poultry_Fish,2024-04-13
https://www.woolworths.co.za/prod/Food/Meat-Poultry-Fish/Biltong-Droewors/Bulk-Original-Free-Range-Beef-Biltong-Snapsticks-400-g/_/A-6009195715540?isFromPLP=true,Meat_Poultry_Fish,2024-04-13
https://www.woolworths.co.za/prod/Food/Meat-Poultry-Fish/Poultry/Marinated-Braai/Shisanyama-Style-Cocktail-Chicken-Wings-Avg-880-g/_/A-2575970000001?isFromPLP=true,Meat_Poultry_Fish,2024-04-13
https://www.woolworths.co.za/prod/Food/Wellbeing-Plant-Based-Shop/Plant-Based-Alternatives/Vegan/PlantLove-Scrambled-Tofu-200-g/_/A-6009226084522?isFromPLP=true,Meat_Poultry_Fish,2024-04-13
https://www.woolworths.co.za/prod/Food/Meat-Poultry-Fish/Fresh-Gravy-Stock-Glazes/Fresh-Free-Range-Chicken-Gravy-250-ml/_/A-6009189566233?isFromPLP=true,Meat_Poultry_Fish,2024-04-13
https://www.woolworths.co.za/prod/Food/Frozen-Food/Beef-Lamb-Poultry-Pork/Frozen-Crumbed-Chicken-Burgers-480-g/_/A-6009171619893?isFromPLP=true,Meat_Poultry_Fish,2024-04-13
https://www.woolworths.co.za/prod/Food/Promotions/Buy-2-Or-More-And-Save/Buy-any-2-Save-20-/Frikkadels/Beef-Pork-Frikkadels-12-pk/_/A-6009207323589?isFromPLP=true,Meat_Poultry_Fish,2024-04-13
https://www.woolworths.co.za/prod/Food/Meat-Poultry-Fish/Beef/Beef-Stock-Bones-Avg-1-kg/_/A-2579510000001?isFromPLP=true,Meat_Poultry_Fish,2024-04-13
https://www.woolworths.co.za/prod/Food/Pantry/Herbs-Spices/Rubs/Lamb-Rub-65-g/_/A-6009207762074?isFromPLP=true,Meat_Poultry_Fish,2024-04-13
https://www.woolworths.co.za/prod/Food/Meat-Poultry-Fish/Biltong-Droewors/Original-Free-Range-Venison-Dro-wors-150-g/_/A-6009184172330?isFromPLP=true,Meat_Poultry_Fish,2024-04-13
https://www.woolworths.co.za/prod/Food/Meat-Poultry-Fish/Easy-Roasts-Meals/Fish-Shellfish/Creamy-Bake-with-Trout-Potato-650-g/_/A-6009223436164?isFromPLP=true,Meat_Poultry_Fish,2024-04-13
https://www.woolworths.co.za/prod/Food/Meat-Poultry-Fish/Biltong-Droewors/Original-Free-Range-Venison-Dro-wors-Nibbles-150-g/_/A-6009211310124?isFromPLP=true,Meat_Poultry_Fish,2024-04-13
https://www.woolworths.co.za/prod/Food/Meat-Poultry-Fish/Poultry/Kebabs-Espetadas/6-Lemon-Black-Pepper-Marinated-Chicken-Kebabs-650-g/_/A-20039479?isFromPLP=true,Meat_Poultry_Fish,2024-04-13
https://www.woolworths.co.za/prod/Food/Meat-Poultry-Fish/Braai/Portuguese-Peri-Peri-Butterflied-Chicken-Avg-1-3-kg/_/A-2034210000008?isFromPLP=true,Meat_Poultry_Fish,2024-04-13
https://www.woolworths.co.za/prod/Food/Meat-Poultry-Fish/Braai/Free-Range-Sweet-Citrus-Herb-Butterflied-Chicken-Avg-1-4-kg/_/A-2082140000001?isFromPLP=true,Meat_Poultry_Fish,2024-04-13
https://www.woolworths.co.za/prod/Food/Meat-Poultry-Fish/Lamb/Cuts-Other/Free-Range-Stewing-Lamb-Avg-800-g/_/A-2031840000002?isFromPLP=true,Meat_Poultry_Fish,2024-04-13
https://www.woolworths.co.za/prod/Online-Feature/Recipes/The-braai-life/Free-Range-Chicken-Drumsticks-Thighs-Avg-900-g/_/A-2020190000008?isFromPLP=true,Meat_Poultry_Fish,2024-04-13
https://www.woolworths.co.za/prod/Food/Meat-Poultry-Fish/Beef/Steaks/Beef-Tenderised-Steak-Avg-750-g/_/A-2013320000009?isFromPLP=true,Meat_Poultry_Fish,2024-04-13
https://www.woolworths.co.za/prod/Food/Meat-Poultry-Fish/Beef/Steaks/Matured-Thick-Cut-Beef-Rib-Eye-Steak-Avg-600-g/_/A-2028920000007?isFromPLP=true,Meat_Poultry_Fish,2024-04-13
https://www.woolworths.co.za/prod/Food/Meat-Poultry-Fish/Poultry/Kebabs-Espetadas/2-Free-Range-Spicy-Yoghurt-Chicken-Espetadas-Avg-800-g/_/A-2562930000003?isFromPLP=true,Meat_Poultry_Fish,2024-04-13
https://www.woolworths.co.za/prod/Food/Meat-Poultry-Fish/Poultry/Chicken-Portions-Other/Mini-Skinless-Chicken-Breast-Fillets-400-g/_/A-20035419?isFromPLP=true,Meat_Poultry_Fish,2024-04-13
https://www.woolworths.co.za/prod/Online-Feature/Recipes/The-Lazy-Makoti-s-jollof-rice/11-In-1-Spice-Mix-45-g/_/A-6009184138756?isFromPLP=true,Meat_Poultry_Fish,2024-04-13
https://www.woolworths.co.za/prod/Food/Meat-Poultry-Fish/Fish-Seafood/Whole-Fish-Portions/Rainbow-Trout-Side-220-g/_/A-6009207928265?isFromPLP=true,Meat_Poultry_Fish,2024-04-13
https://www.woolworths.co.za/prod/Food/Chocolates-Sweets-Snacks/Biltong-Droewors/Original-Angus-Beef-Sliced-Biltong-150-g/_/A-6009214424576?isFromPLP=true,Meat_Poultry_Fish,2024-04-13
https://www.woolworths.co.za/prod/Food/Meat-Poultry-Fish/Boerewors-Sausages/Traditional-Beef-Sausage-500-g/_/A-6009226151286?isFromPLP=true,Meat_Poultry_Fish,2024-04-13
https://www.woolworths.co.za/prod/Food/Meat-Poultry-Fish/Beef/Steaks/Halaal-Half-Beef-Fillet-Avg-700-g/_/A-2570740000007?isFromPLP=true,Meat_Poultry_Fish,2024-04-13
https://www.woolworths.co.za/prod/Food/Frozen-Food/Fish-Seafood/Freshly-Frozen-Uncooked-Peeled-Large-Prawns-500-g/_/A-6001009011817?isFromPLP=true,Meat_Poultry_Fish,2024-04-13
https://www.woolworths.co.za/prod/Food/Frozen-Food/Fish-Seafood/Frozen-Sweet-Potato-Smoked-Snoek-Stacks-4-pk/_/A-6009207984445?isFromPLP=true,Meat_Poultry_Fish,2024-04-13
https://www.woolworths.co.za/prod/Food/Meat-Poultry-Fish/Poultry/Chicken-Portions-Other/Free-Range-Chicken-Wings-Avg-1-5-kg/_/A-2560270000004?isFromPLP=true,Meat_Poultry_Fish,2024-04-13
https://www.woolworths.co.za/prod/Food/Meat-Poultry-Fish/Pork/Smoked-Pork-Belly-Roast-Avg-700-g/_/A-2579850000006?isFromPLP=true,Meat_Poultry_Fish,2024-04-13
https://www.woolworths.co.za/prod/Food/Ready-Meals/Plant-Based-Meals/Frozen-PlantLove-Minced-Soya-300-g/_/A-6009217300525?isFromPLP=true,Meat_Poultry_Fish,2024-04-13
https://www.woolworths.co.za/prod/Food/Promotions/Buy-2-Or-More-And-Save/Buy-any-2-Save-20-/Marinated-Poultry/Free-Range-Ginger-Lime-Duck-Kebabs-6-pk/_/A-6009207341064?isFromPLP=true,Meat_Poultry_Fish,2024-04-13
https://www.woolworths.co.za/prod/Food/Meat-Poultry-Fish/Beef/Offal-Others/Angus-Beef-Lean-Mince-1-kg/_/A-6009214470146?isFromPLP=true,Meat_Poultry_Fish,2024-04-13
https://www.woolworths.co.za/prod/Food/Meat-Poultry-Fish/Lamb/Chops/Free-Range-Lamb-Chump-Chops-Avg-500-g/_/A-2004720000003?isFromPLP=true,Meat_Poultry_Fish,2024-04-13
https://www.woolworths.co.za/prod/Food/Meat-Poultry-Fish/Fish-Seafood/Shellfish/Patagonian-Heads-Tubes-250-g/_/A-6009226395529?isFromPLP=true,Meat_Poultry_Fish,2024-04-13
https://www.woolworths.co.za/prod/Food/Meat-Poultry-Fish/Bacon-Other-Smoked/Other-Smoked/Pork-Rashers-Avg-400-g/_/A-2071580000009?isFromPLP=true,Meat_Poultry_Fish,2024-04-13
https://www.woolworths.co.za/prod/Food/Promotions/Buy-2-Or-More-And-Save/Buy-any-2-Save-20-/Marinated-Poultry/Sweet-Sticky-BBQ-Cocktail-Wings-Avg-1-kg/_/A-2032050000004?isFromPLP=true,Meat_Poultry_Fish,2024-04-13
https://www.woolworths.co.za/prod/Food/Meat-Poultry-Fish/Boerewors-Sausages/Pork-Bangers-500-g/_/A-20000370?isFromPLP=true,Meat_Poultry_Fish,2024-04-13
https://www.woolworths.co.za/prod/Food/Meat-Poultry-Fish/Halaal-Fresh-Meat/Halaal-Beef-Wood-Smoked-Rashers-200-g/_/A-6009214799421?isFromPLP=true,Meat_Poultry_Fish,2024-04-13
https://www.woolworths.co.za/prod/Food/Meat-Poultry-Fish/Braai/Moroccan-Butterflied-Chicken-Avg-1-4-kg/_/A-2030280000009?isFromPLP=true,Meat_Poultry_Fish,2024-04-13
https://www.woolworths.co.za/prod/Food/Meat-Poultry-Fish/Pork/Roasts/Slow-Cooked-Pork-Belly-Avg-1-kg/_/A-2565440000006?isFromPLP=true,Meat_Poultry_Fish,2024-04-13
https://www.woolworths.co.za/prod/Online-Feature/Content/Braai-Destination/Braai-Seasoning-135-g/_/A-6009207761985?isFromPLP=true,Meat_Poultry_Fish,2024-04-13
https://www.woolworths.co.za/prod/Food/Meat-Poultry-Fish/Beef/Pets-Mince/Posh-Pets-Beef-Mince-Avg-700-g/_/A-2005610000004?isFromPLP=true,Meat_Poultry_Fish,2024-04-13
https://www.woolworths.co.za/prod/Food/Meat-Poultry-Fish/Beef/Roasts/Matured-Picanha-Beef-Rump-Avg-1-2-kg/_/A-2563440000002?isFromPLP=true,Meat_Poultry_Fish,2024-04-13
https://www.woolworths.co.za/prod/Food/Meat-Poultry-Fish/Poultry/Burgers-Mince-Sausages/Free-Range-Chicken-Chipolatas-500-g/_/A-6009204681958?isFromPLP=true,Meat_Poultry_Fish,2024-04-13
https://www.woolworths.co.za/prod/Food/Meat-Poultry-Fish/Braai/Free-Range-Lamb-Rump-Steak-Avg-500-g/_/A-2031750000000?isFromPLP=true,Meat_Poultry_Fish,2024-04-13
https://www.woolworths.co.za/prod/Online-Feature/Recipes/Fresh-take-on-nachos/Free-Range-Skinless-Chicken-Mini-Breast-Fillets-400-g/_/A-20056803?isFromPLP=true,Meat_Poultry_Fish,2024-04-13
https://www.woolworths.co.za/prod/Food/Meat-Poultry-Fish/Burgers/Thin-Free-Range-Beef-Burgers-750-g/_/A-20099176?isFromPLP=true,Meat_Poultry_Fish,2024-04-13
https://www.woolworths.co.za/prod/Food/Promotions/Buy-2-Or-More-And-Save/Buy-any-2-Save-20-/Easy-To-Cook-Range/Chicken-Breast-Fillets-Topped-with-Mozzarella-Spring-Onion-800-g/_/A-6009226483950?isFromPLP=true,Meat_Poultry_Fish,2024-04-13
https://www.woolworths.co.za/prod/Food/Chocolates-Sweets-Snacks/Biltong-Droewors/Original-Angus-Beef-Dro-wors-150-g/_/A-6009214423319?isFromPLP=true,Meat_Poultry_Fish,2024-04-13
https://www.woolworths.co.za/prod/Food/Meat-Poultry-Fish/Burgers/Lean-Ostrich-Burgers-800-g/_/A-6009204936379?isFromPLP=true,Meat_Poultry_Fish,2024-04-13
https://www.woolworths.co.za/prod/Food/Meat-Poultry-Fish/Braai/Marinades-Spices-Rubs/Clark-s-Kitchen-Chipotle-Chilli-Sauce-375-ml/_/A-700083696991?isFromPLP=true,Meat_Poultry_Fish,2024-04-13
https://www.woolworths.co.za/prod/Food/Meat-Poultry-Fish/Beef/Offal-Others/Beef-Corned-Tongue-Avg-1-2-kg/_/A-2034050000008?isFromPLP=true,Meat_Poultry_Fish,2024-04-13
https://www.woolworths.co.za/prod/Online-Feature/Content/Eating-Well/Free-Range/Original-Free-Range-Beef-Dro-wors-150-g/_/A-6001009025623?isFromPLP=true,Meat_Poultry_Fish,2024-04-13
https://www.woolworths.co.za/prod/Food/Meat-Poultry-Fish/Venison-Duck-Ostrich/Ostrich-Extra-Lean-Mince-500-g/_/A-20161392?isFromPLP=true,Meat_Poultry_Fish,2024-04-13
https://www.woolworths.co.za/prod/Food/Meat-Poultry-Fish/Boerewors-Sausages/Free-Range-Beef-Boerewors-Portions-1-kg/_/A-6009223800361?isFromPLP=true,Meat_Poultry_Fish,2024-04-13
https://www.woolworths.co.za/prod/Food/Frozen-Food/Fish-Seafood/Frozen-Cooked-Peeled-Medium-Prawns-400-g/_/A-6005000152852?isFromPLP=true,Meat_Poultry_Fish,2024-04-13
https://www.woolworths.co.za/prod/Food/Meat-Poultry-Fish/Beef/Steaks/Half-Angus-Beef-Fillet-Avg-680-g/_/A-2571030000004?isFromPLP=true,Meat_Poultry_Fish,2024-04-13
https://www.woolworths.co.za/prod/Food/Frozen-Food/Fish-Seafood/Frozen-Cooked-Prawn-Ring-300-g/_/A-6009175272124?isFromPLP=true,Meat_Poultry_Fish,2024-04-13
https://www.woolworths.co.za/prod/Food/Frozen-Food/Fish-Seafood/Frozen-Crumbed-Fish-Fingers-800-g/_/A-20012274?isFromPLP=true,Meat_Poultry_Fish,2024-04-13
https://www.woolworths.co.za/prod/Food/Meat-Poultry-Fish/Lamb/Roasts/Free-Range-Leg-of-Lamb-Avg-2-kg/_/A-2004750000004?isFromPLP=true,Meat_Poultry_Fish,2024-04-13
https://www.woolworths.co.za/prod/Food/Meat-Poultry-Fish/Burgers/Thick-Free-Range-Beef-Burgers-800-g/_/A-20106522?isFromPLP=true,Meat_Poultry_Fish,2024-04-13
https://www.woolworths.co.za/prod/Food/Meat-Poultry-Fish/Biltong-Droewors/Original-Ostrich-Dro-wors-150-g/_/A-20170172?isFromPLP=true,Meat_Poultry_Fish,2024-04-13
https://www.woolworths.co.za/prod/Food/Frozen-Food/Fish-Seafood/Frozen-Southern-Fried-Calamari-500-g/_/A-6005000413007?isFromPLP=true,Meat_Poultry_Fish,2024-04-13
https://www.woolworths.co.za/prod/Food/Deli-Entertaining/Plant-Based-Deli/PlantLove-Crumbed-Soya-Ocean-Strips-200-g/_/A-6009223797074?isFromPLP=true,Meat_Poultry_Fish,2024-04-13
https://www.woolworths.co.za/prod/Food/Meat-Poultry-Fish/Beef/Offal-Others/Beef-Stroganoff-Avg-550-g/_/A-2029740000000?isFromPLP=true,Meat_Poultry_Fish,2024-04-13
https://www.woolworths.co.za/prod/Food/Frozen-Food/Fish-Seafood/Fish-Portions/Frozen-Lightly-Smoked-Haddock-Portions-500-g/_/A-6005000415155?isFromPLP=true,Meat_Poultry_Fish,2024-04-13
https://www.woolworths.co.za/prod/Food/Meat-Poultry-Fish/Beef/Beef-Marrow-Bones-Avg-570-g/_/A-2029820000005?isFromPLP=true,Meat_Poultry_Fish,2024-04-13
https://www.woolworths.co.za/prod/Food/Meat-Poultry-Fish/Pork/Roasts/Pulled-Pork-Shoulder-500-g/_/A-6009195623982?isFromPLP=true,Meat_Poultry_Fish,2024-04-13
https://www.woolworths.co.za/prod/Online-Feature/Recipes/Dunked-wings/Roast-Chicken-Seasoning-120-g/_/A-6009207761961?isFromPLP=true,Meat_Poultry_Fish,2024-04-13
https://www.woolworths.co.za/prod/Food/Meat-Poultry-Fish/Mince-Meatballs/PlantLove-Minced-Soya-180-g/_/A-6009214014715?isFromPLP=true,Meat_Poultry_Fish,2024-04-13
https://www.woolworths.co.za/prod/Food/Meat-Poultry-Fish/Venison-Duck-Ostrich/Ostrich-Steaks-500-g/_/A-20161385?isFromPLP=true,Meat_Poultry_Fish,2024-04-13
https://www.woolworths.co.za/prod/Online-Feature/Recipes/Your-foolproof-fish-braai/Hake-Fillet-Avg-350-g/_/A-2034350000005?isFromPLP=true,Meat_Poultry_Fish,2024-04-13
https://www.woolworths.co.za/prod/Food/Meat-Poultry-Fish/Pork/Chops-Other/Prego-Pork-Steaks-Avg-580-g/_/A-2573110000003?isFromPLP=true,Meat_Poultry_Fish,2024-04-13
https://www.woolworths.co.za/prod/Food/Meat-Poultry-Fish/Biltong-Droewors/Bulk-Original-Beef-Biltong-Snapsticks-400-g/_/A-6001009008053?isFromPLP=true,Meat_Poultry_Fish,2024-04-13
https://www.woolworths.co.za/prod/Easter/Promotions/WR-Buy-Any-2-Save-25-on-Easy-Meals-Roasts/Beef-Lamb-Pork-Oxtail/Slow-Cooked-Coconut-Lamb-Curry-Avg-1-3-kg/_/A-2565430000009?isFromPLP=true,Meat_Poultry_Fish,2024-04-13
https://www.woolworths.co.za/prod/Food/Meat-Poultry-Fish/Beef/Angus-Beef-Oyster-Blade-Steak-Avg-400-g/_/A-2575640000003?isFromPLP=true,Meat_Poultry_Fish,2024-04-13
https://www.woolworths.co.za/prod/Food/Meat-Poultry-Fish/Crumbed-Meat-Poultry-Fish/Gluten-Free-Crumbed-Chicken-Schnitzels-Avg-700-g/_/A-2084580000009?isFromPLP=true,Meat_Poultry_Fish,2024-04-13
https://www.woolworths.co.za/prod/Food/Meat-Poultry-Fish/Halaal-Fresh-Meat/Halaal-BBQ-Onion-Rump-Beef-Kebabs-650-g/_/A-6009223936213?isFromPLP=true,Meat_Poultry_Fish,2024-04-13
https://www.woolworths.co.za/prod/Food/Ready-Meals/Plant-Based-Meals/Frozen-PlantLove-Crumbed-Savoury-Soya-Portions-400-g/_/A-6009217300471?isFromPLP=true,Meat_Poultry_Fish,2024-04-13
https://www.woolworths.co.za/prod/Food/Frozen-Food/Fish-Seafood/Frozen-Salmon-Wellington-1-kg/_/A-6009204798175?isFromPLP=true,Meat_Poultry_Fish,2024-04-13
https://www.woolworths.co.za/prod/Food/Meat-Poultry-Fish/Poultry/Chicken-Portions-Other/Chicken-Portions-Avg-3-kg/_/A-2070960000004?isFromPLP=true,Meat_Poultry_Fish,2024-04-13
https://www.woolworths.co.za/prod/Food/Pantry/Stock-Thickener-Gravy/Stock/Fresh-Free-Range-Liquid-Beef-Stock-500-ml/_/A-6009195814557?isFromPLP=true,Meat_Poultry_Fish,2024-04-13
https://www.woolworths.co.za/prod/Food/Deli-Entertaining/Plant-Based-Deli/PlantLove-Mini-Tempeh-Sizzlers-300-g/_/A-6009226773587?isFromPLP=true,Meat_Poultry_Fish,2024-04-13
https://www.woolworths.co.za/prod/Food/Meat-Poultry-Fish/Braai/Kebabs-Espetades/6-BBQ-Beef-Onion-Rump-Beef-Kebabs-650-g/_/A-6009182250214?isFromPLP=true,Meat_Poultry_Fish,2024-04-13
https://www.woolworths.co.za/prod/Food/Meat-Poultry-Fish/Poultry/Kebabs-Espetadas/6-Lemon-Garlic-Rosemary-Marinated-Chicken-Kebabs-650-g/_/A-6009204253780?isFromPLP=true,Meat_Poultry_Fish,2024-04-13
https://www.woolworths.co.za/prod/Food/Meat-Poultry-Fish/Poultry/Chicken-Portions-Other/Chicken-Thighs-Avg-2-3-kg/_/A-2034260000003?isFromPLP=true,Meat_Poultry_Fish,2024-04-13
https://www.woolworths.co.za/prod/Food/Meat-Poultry-Fish/Fish-Seafood/Coated/Crumbed-Hake-Fillets-Avg-400-g/_/A-2060860000006?isFromPLP=true,Meat_Poultry_Fish,2024-04-13
https://www.woolworths.co.za/prod/Food/Meat-Poultry-Fish/Beef/Bulk-Beef-Brisket-Avg-1-kg/_/A-2579320000000?isFromPLP=true,Meat_Poultry_Fish,2024-04-13
https://www.woolworths.co.za/prod/Online-Feature/Recipes/Your-secret-braai-superpower/Lazy-Kettle-Hickory-Liquid-Smoke-147-ml/_/A-87586201236?isFromPLP=true,Meat_Poultry_Fish,2024-04-13
https://www.woolworths.co.za/prod/Food/Meat-Poultry-Fish/Poultry/Panko-Crumbed-Chicken-Breast-Fillets-with-Teriyaki-Sauce-Avg-600-g/_/A-2577100000004?isFromPLP=true,Meat_Poultry_Fish,2024-04-13
https://www.woolworths.co.za/prod/Food/Meat-Poultry-Fish/Poultry/Chicken-Portions-Other/Chicken-Drumsticks-Thighs-Avg-900-g/_/A-2084900000009?isFromPLP=true,Meat_Poultry_Fish,2024-04-13
https://www.woolworths.co.za/prod/Online-Feature/Content/Summer-Braai/The-family-meetup/Steakhouse-Seasoning-145-g/_/A-6009207761978?isFromPLP=true,Meat_Poultry_Fish,2024-04-13
https://www.woolworths.co.za/prod/Food/Promotions/Buy-2-Or-More-And-Save/Buy-any-2-Save-20-/Biltong-with-Wine/Original-Free-Range-Sliced-Venison-Biltong-400-g/_/A-6009217580361?isFromPLP=true,Meat_Poultry_Fish,2024-04-13
https://www.woolworths.co.za/prod/Food/Meat-Poultry-Fish/Beef/Steaks/6-Beef-Sirloin-Steaks-Avg-1-7-kg/_/A-2083110000007?isFromPLP=true,Meat_Poultry_Fish,2024-04-13
https://www.woolworths.co.za/prod/Food/Meat-Poultry-Fish/Mince-Meatballs/Lean-Beef-Mince-1-kg/_/A-20144807?isFromPLP=true,Meat_Poultry_Fish,2024-04-13
https://www.woolworths.co.za/prod/Food/Deli-Entertaining/Plant-Based-Deli/PlantLove-Tempeh-Rounds-180-g/_/A-6009226663703?isFromPLP=true,Meat_Poultry_Fish,2024-04-13
https://www.woolworths.co.za/prod/Food/Meat-Poultry-Fish/Poultry/Chicken-Portions-Other/Free-Range-Skinless-Drumsticks-Thighs-Avg-1-kg/_/A-2032140000006?isFromPLP=true,Meat_Poultry_Fish,2024-04-13
https://www.woolworths.co.za/prod/Food/Meat-Poultry-Fish/Poultry/Chicken-Portions-Other/Skinless-Chicken-Breast-Fillets-Avg-900-g/_/A-2084930000000?isFromPLP=true,Meat_Poultry_Fish,2024-04-13
https://www.woolworths.co.za/prod/Food/Braai-Shop/Braai-Essentials/Braai-Marinades-Spices/Sweet-Sticky-Braai-Marinade-750-ml/_/A-6001009005830?isFromPLP=true,Meat_Poultry_Fish,2024-04-13
https://www.woolworths.co.za/prod/Food/Meat-Poultry-Fish/Beef/Steaks/Halaal-Matured-Thick-Cut-Beef-Rump-Steak-Avg-700-g/_/A-2570750000004?isFromPLP=true,Meat_Poultry_Fish,2024-04-13
https://www.woolworths.co.za/prod/Food/Frozen-Food/Fish-Seafood/Frozen-Panko-Crumbed-Smoked-Haddock-Fillets-600-g/_/A-6009214595177?isFromPLP=true,Meat_Poultry_Fish,2024-04-13
https://www.woolworths.co.za/prod/Food/Promotions/Buy-2-Or-More-And-Save/Buy-any-2-Save-20-/Sausages-Bangers/Pork-Herb-Bangers-500-g/_/A-6009101996247?isFromPLP=true,Meat_Poultry_Fish,2024-04-13
https://www.woolworths.co.za/prod/Food/Meat-Poultry-Fish/Braai/Steak-Ribs-Burgers/Spicy-BBQ-Glazed-Pork-Belly-Rashers-Avg-500-g/_/A-2572220000002?isFromPLP=true,Meat_Poultry_Fish,2024-04-13
https://www.woolworths.co.za/prod/Food/Meat-Poultry-Fish/Poultry/Free-Range-Shisanyama-Style-Chicken-Espetada-Avg-750-g/_/A-2578170000000?isFromPLP=true,Meat_Poultry_Fish,2024-04-13
https://www.woolworths.co.za/prod/Food/Promotions/Buy-2-Or-More-And-Save/Buy-any-2-Save-20-/Frikkadels/Beef-Lamb-Frikkadels-600-g/_/A-6009207125831?isFromPLP=true,Meat_Poultry_Fish,2024-04-13
https://www.woolworths.co.za/prod/Food/Promotions/Buy-2-Or-More-And-Save/Save-10-/Buy-6-Bulk-Meats-Save-10-/Stuffed-Beef-Rump-Roast-Avg-1-kg/_/A-2568970000003?isFromPLP=true,Meat_Poultry_Fish,2024-04-13
https://www.woolworths.co.za/prod/Food/Meat-Poultry-Fish/Mince-Meatballs/Lean-Beef-Mince-500-g/_/A-20144791?isFromPLP=true,Meat_Poultry_Fish,2024-04-13
https://www.woolworths.co.za/prod/Food/Meat-Poultry-Fish/Beef/Free-Range-Beef-Stroganoff-Avg-500-g/_/A-2033640000008?isFromPLP=true,Meat_Poultry_Fish,2024-04-13
https://www.woolworths.co.za/prod/Food/Chocolates-Sweets-Snacks/Biltong-Droewors/Free-Range-Chilli-Beef-Biltong-Snapsticks-150-g/_/A-6009195969653?isFromPLP=true,Meat_Poultry_Fish,2024-04-13
https://www.woolworths.co.za/prod/Food/Meat-Poultry-Fish/Braai/Smokey-Barbeque-Deboned-Chicken-Avg-1-kg/_/A-2570910000004?isFromPLP=true,Meat_Poultry_Fish,2024-04-13
https://www.woolworths.co.za/prod/Food/Meat-Poultry-Fish/Fish-Seafood/Whole-Fish-Portions/Trout-Rashers-120-g/_/A-6009217704156?isFromPLP=true,Meat_Poultry_Fish,2024-04-13
https://www.woolworths.co.za/prod/Food/Meat-Poultry-Fish/Braai/BBQ-Whole-Rack-Pork-Loin-Ribs-Avg-1-6-kg/_/A-2570900000007?isFromPLP=true,Meat_Poultry_Fish,2024-04-13
